CGC_HOSP,RAZAO,UF_ZI,CMPT
00000618000151,HOSPITAL DA REABILITACAO DO ABC SC LTDA,35,200801
00015081000101,HOSPITAL E MATERNIDADE DR BRASIL CAIADO LTDA,52,201410
00025841000153,HOSPITAL SANTA LUCIA SA,53,201007
00029827000128,MATERNIDADE E HOSPITAL DOM BOSCO LTDA,52,201505
00033940000187,HOSPITAL ESPIRITA JOAO MARCHESI,35,201505
00038174000658,HOSPITAL UNIVERSITARIO DE BRASILIA,53,201505
00049791000144,HOSPITAL SANTA HELENA SA,53,200801
00054015000485,HOSPITAL REGIONAL DE BRAZLANDIA,53,201505
00054015000809,HOSPITAL REGIONAL DE PLANALTINA,53,200801
00054015001708,HOSPITAL REGIONAL DE CEILANDIA,53,200801
00054015001880,HOSPITAL REGIONAL DE SOBRADINHO,53,201505
00054015002003,HOSPITAL REGIONAL DO GUARA,53,200801
00058224000154,HOSPITAL DIA VIDA E LIBERDADE LTDA,21,201505
00061572000180,HOSPITAL CRISTO REI,52,200801
00070400000173,HOSPITAL NOSSA SENHORA DA PENHA LTDA,42,201505
00071178000123,CENTRO DE OLHOS DE SAO LUIS LTDA,21,201411
00081876000100,CLINICA DE OFTALMODIAGNOSTICO LTDA,29,201504
00103044000147,CENTRO MEDICO INHUMAS LTDA,52,201504
00108558000195,HOSPITAL DE OLHOS DE CUIABA,51,201504
00111365000193,DUARTE ANELLI LTDA EPP,41,201505
00112288000196,SANTA CASA MISERICORDIA DE ALTEROSA,31,201505
00122256000171,INSTITUTO DE OLHOS DE MACEIO SC LTDA,27,201505
00132791000103,HOSPITAL ELMO DE AZEVEDO LTDA,52,200801
00147298000167,CASA DE SAUDE SANTA ANA LTDA,52,201505
00149703000186,DIAGSON DIAGNOSTICO EM ULTRASONOG E MEDICINA FETAL LTDA,25,201504
00183020000145,HOSPITAL MATERNO INFANTIL CANARANA LTDA,51,200801
00196890000159,CLINICA MATERNA LTDA,29,200801
00222810000192,HOSPITAL E MATERNIDADE MENINO JESUS LTDA,52,200801
00254512000184,HOSPITAL INFANTIL DE BELFORD ROXO,33,201505
00269860000125,HOSPITAL E MATERNIDADE SANTA CECILIA LTDA,52,201505
00304148000110,FUNDACAO DE SAUDE ITAIGUAPY,41,201505
00331801001101,UNIAO BRASILIENSE DE EDUCACAO E CULTURA,53,200801
00382069000127,HOSPITAL DAHER LAGO SUL,53,201106
00394223000180,COOPERATIVA DE SAUDE UNIVIDA LTDA,43,200801
00394452050038,HOSPITAL DE GUARNICAO DE MARABA,15,200801
00394544020100,MS HOSPITAL DO ANDARAI,33,201505
00394544020291,MS HGB HOSPITAL GERAL DE BONSUCESSO,33,201505
00394544020372,MS HOSPITAL FEDERAL CARDOSO FONTES,33,201505
00394544020453,MS HOSPITAL FEDERAL DA LAGOA,33,201505
00394544021000,MS HOSPITAL DE IPANEMA,33,201505
00394544021182,MS HSE HOSPITAL FEDERAL DOS SERVIDORES DO ESTADO,33,201505
00394544021263,MS INST NACIONAL DE TRAUMATOLOGIA E ORTOPEDIA JAMIL HADDAD,33,201505
00394544021344,MS INC INSTITUTO NACIONAL DE CARDIOLOGIA,33,201505
00394700000531,HBDF HOSPITAL DE BASE DO DISTRITO FEDERAL,53,201505
00394700000612,HOSPITAL REGIONAL DO GAMA,53,201505
00394700000884,HOSPITAL MATERNO INFANTIL DE BRASILIA,53,201505
00394700000965,HOSPITAL REGIONAL DE TAGUATINGA,53,201505
00394700001007,HOSPITAL SAO VICENTE DE PAULO,53,201505
00394700001260,HOSPITAL REGIONAL DA ASA NORTE,53,201505
00394700002151,HOSPITAL DE APOIO DE BRASILIA,53,201505
00420371000122,VILA SAO JOSE BENTO COTTOLENGO,52,201505
00424572000106,HOSPITAL LUCIO REBELO LTDA,52,201505
00442878000187,INSTITUTO DE OLHOS DE SERGIPE LTDA,28,201505
00467444000131,HOSPITAL OFTALMOLOGICO DE ANAPOLIS LTDA EPP,52,201505
00510909000602,UNIMED BRASILIA COOPERATIVA DE TRABALHO MEDICO,53,201005
00511816000180,HOSPITAL PRONTONORTE S/A,53,200801
00518251000162,OFTALMOCLINICA SAULO FREIRE LTDA,25,201411
00518251000243,OFTALMOCLINICA,25,201505
00523053000197,HOSPITAL MEMORIAL PETROLINA LTDA,26,201505
00524237000171,VENDRAMIN GUIMARAES LTDA,50,200801
00529443000336,OBRAS SOCIAIS DA DIOC DE R BRANCO HOSPITAL SANTA JULIANA,12,201505
00541891000193,FUNDACAO HOSPITALAR DE COSTA RICA,50,201505
00610980000144,HOSPITAL SANTA MARTA LTDA,53,201502
00613619000171,CASA ALIVIO DO SOFRIMENTO,21,200801
00625711000151,HOSPITAL MERIDIONAL,32,201505
00655267000117,SOCIEDADE DE PROTECAO A MATERNIDADE E A INF DE RUSSAS LTDA,23,201505
00684095000100,ASSOCIACAO DE PROTECAO A SAUDE E EDUCACAO DE UIRAUNA,25,201505
00685005000103,HOSPITAL SANTA HELENA SC LTDA,15,200801
00694303000151,SMA EMPREENDIMENTOS E PARTICIPACOES SA,41,201306
00697295000288,MATERNIDADE BALBINA MESTRINHO,13,201505
00697295000369,SES UNIDADE HOSPITALAR DE AMATURA,13,201501
00697295000440,SES UNIDADE MISTA DE UARINI,13,200801
00697295000520,SES UNIDADE HOSPITALAR DE CAAPIRANGA,13,201505
00697295000601,HOSPITAL GERALDO DA ROCHA,13,201505
00697295000792,HOSPITAL CHAPOT PREVOST,13,201505
00697295000873,SES UNIDADE HOSPITALAR DE GUAJARA,13,201505
00697295000954,SES UNIDADE MISTA DE TEFE,13,200801
00697295001098,UNIDADE HOSPITALAR DE NHAMUNDA,13,201505
00697295001179,SES MATERNIDADE DA ALVORADA,13,201505
00697295001250,SES UNIDADE HOSPITALAR DE SANTA ISABEL DO RIO NEGRO,13,201501
00697295001330,SES UNIDADE HOSPITALAR DE PAUINI,13,201505
00697295001411,SES UNIDADE HOSPITALAR DE ITAPIRANGA,13,201407
00697295001500,SESUNIDADE HOSPITALAR DE EIRUNEPE,13,201501
00697295001683,SES UNIDADE HOSPITALAR DE AUTAZES,13,201505
00697295001764,SES MATERNIDADE CIDADE NOVA DONA NAZIRA DAOU,13,201505
00697295001845,SES UNIDADE HOSPITALAR DE RIO PRETO DA EVA,13,201505
00697295001926,UNIDADE HOSPITALAR EVARISTO RATES DA SILVA,13,201505
00697295002060,SES UNIDADE HOSPITALAR DE BOCA DO ACRE,13,201505
00697295002140,SECRETARIA ESTADUAL DE SAUDE,13,201505
00697295002221,SECRETARIA DE ESTADO DE SAUDE,13,201505
00697295002302,UNIDADE HOSPITALAR DE BORBA,13,201408
00697295002493,SES UNIDADE HOSPITALAR DE LABREA,13,201505
00697295002574,UNIDADE HOS PITALAR DE IRANDUBA,13,201505
00697295002736,SESUNIDADE HOSPITALAR DE CARAUARI,13,201505
00697295002906,SES UNIDADE HOSPITALAR DE CODAJAS,13,201505
00697295003031,SECRETARIA DE ESTADO DA SAUDE,13,201505
00697295003112,SECRETARIA DE ESTADO DE SAUDE,13,201505
00697295003201,UNIDADE HOSPITALAR DE ATALAIA DO NORTE,13,201505
00697295003465,SECRETARIA DE ESTADO DA SAUDE,13,201505
00697295003546,SECRETARIA DE ESTADO DA SAUDE SES,13,200801
00697295003627,SECRETARIA DE ESTADO DA SAUDE,13,201505
00697295003708,SES UNIDADE MISTA DE ANORI,13,200801
00697295003899,SECRETARIA DE ESTADO DA SAUDE,13,200801
00697295003970,UNIDADE HOSPITALAR DE BARCELOS,13,201505
00697295004003,SESUNIDADE HOSPITALAR DE TAPAUA,13,201505
00697295004194,HOSPITAL CORIOLANO CIDADE LINDOSO,13,201505
00697295004275,SES UNIDADE HOSPITALAR DE URUCURITUBA,13,201505
00697295004356,SES UNIDADE HOSPITALAR DE ITAMARATI,13,201505
00697295004437,SES UNIDADE HOSPITALAR DE SAO SEBASTIAO DO UATUMA,13,201504
00697295004518,SES UNIDADE MISTA DE BERURI,13,201505
00697295004607,SES UNIDADE HOSPITALAR DE ANAMA,13,201505
00697295004780,PRONTO SOCORRO DA CRIANCA ZONA SUL,13,201505
00697295004860,SESUNIDADE HOSPITALAR DE IAUARETE,13,201009
00697295004941,SECRETARIA DE ESTADO DA SAUDE,13,201505
00697295005085,UNIDADE HOSPITALAR DE CANUTAMA,13,201505
00697295005247,SES UNIDADE HOSPITALAR DE MANAQUIRI,13,201505
00697295005409,SES UNIDADE HOSPITALAR DE NOVA OLINDA DO NORTE,13,201504
00697295005590,SESUNIDADE HOSPITALAR DO CASTANHO,13,201504
00697295005832,UNIDADE HOSPITALAR DE JUTAI,13,201505
00697295006057,HOSPITAL PSIQUIATRICO EDUARDO RIBEIRO,13,201505
00697295006138,HOSPITAL PRONTO SOCORRO 28 DE AGOSTO,13,201505
00697295006219,SESUNIDADE HOSPITALAR APUI,13,201505
00697295006308,SES UNIDADE HOSPITALAR DE SAO PAULO DE OLIVENCA,13,201505
00697295006480,SECRETARIA ESTADUAL DE SAUDE,13,201505
00697295006561,HOSPITAL E P S DR JOAO LUCIO P MACHAD0,13,201505
00697295006642,INSTITUTO DE SAUDE DA CRIANCA DO AMAZONAS,13,201505
00697295006804,HOSPITAL SAO JOAQUIM,13,201505
00697295007029,SES UNIDADE MISTA DE TONANTINS,13,200801
00697295007100,SES UNIDADE HOSPITALAR SANTO ANTONIO DO ICA,13,201505
00697295007533,SESHOSPITAL INFANTIL DR FAJARDO,13,201505
00697295007614,SES UNIDADE HOSPITALAR DE ITAPEACU,13,201411
00697295007703,HOSPITAL E PRONTO SOCORRO DA CRIANCA ZONA OESTE,13,201505
00697295007967,MATERNIDADE DE REFERENCIA ZONA LESTE ANA BRAGA,13,201505
00697295009072,SECRETARIA DE ESTADO DA SAUDE,13,201505
00697295009900,MATERNIDADE AZILDA DA SILVA MERREIRO,13,201505
00697295012022,SECRETARIA DE ESTADO DA SAUDE,13,201505
00697295012294,SECRETARIA DE ESTADO DA SAUDE,13,201505
00698882000100,ASSOCIACAO INSTITUTO CHUI DE PSIQUIATRIA,35,201502
00765384000133,FUNDACAO HOSPITALAR OFTALMOLOGICA UNIVERSITARIA LIONS,43,201505
00779260000107,ORGANIZACAO HOSPITALAR IRMAOS BAIA LTDA,27,200801
00814030000131,LUZ SANTOS LTDA,22,201504
00820737000150,HOSPITAL DO CORACAO DE NATAL LTDA,24,201505
00830507000172,HOSPITAL INFANTIL 21 DE JULHO LTDA,33,201505
00853492000168,CLINICA DOM RODRIGO LTDA,25,201505
00860223000129,HOSPITAL MATERMED LTDA,31,201505
00867838000187,M A R LIMA,51,200812
00873794000106,R G DE LIMA MEDEIROS CIA LTDA,51,201505
00894710000102,HOSPITAL PANAMERICANO LTDA,11,201505
00919386000130,HOSPITAL 9 DE JULHO S S LTDA,11,201305
00923986000171,HOSPITAL DA MULHER DE CALDAS NOVAS,52,201503
00939414000180,PRONTOCLINICA DE FORTALEZA LTDA,23,201505
00942020000181,FUNDACAO DE SAUDE DE CEU AZUL,41,201505
00942063000167,INSTITUTO DE NEUROLOGIA DE CURITIBA LTDA,41,201505
00944230000109,FUNDACAO DE SAUDE E ASSISTENCIA SOCIAL DE PRES BERNARDES,31,200801
00961315000103,FUNDACAO CRISTIANO VARELLA,31,201505
00972860000197,HOSPITAL DE OLHOS DE CARUARU SC LTDA,26,201409
00979701000114,CENTRO DE ONCOLOGIA E HEMATOLOGIA,24,201505
00991591000106,FUNDACAO DE SAUDE DILSON DE QUADROS GODINHO,31,201505
00998201000120,PREFEITURA MUNICIPAL DE OURO BRANCO,31,201504
01003183000161,CLINICA SANTA MARIA HOSPITAL E MATERNIDADE LTDA ME,26,201207
01011865000116,INSTITUTO DE NEUROLOGIA DE GOIANIA LTDA,52,201505
01016591000158,HOSPITAL SAO ZACARIAS LTDA,52,201505
01023324000108,HOSPITAL NOSSA SENHORA APARECIDA LTDA,52,201505
01025220000132,BONFIM OSCAR LTDA,52,200801
01026636000175,MAGALY ANTONIETA CLAROS CANCECO,51,200801
01029180000105,SANATORIO ESPIRITA DE ANAPOLIS,52,201505
01038751000160,FUNDACAO DE ASSISTENCIA SOCIAL DE ANAPOLIS,52,200801
01049458000106,PREFEITURA MUNICIPAL DE VARZEA GRANDE,51,201505
01049618000109,MATERNIDADE DR ADALBERTO PEREIRA DA SILVA,52,201505
01052836000100,INSTITUTO DE CARDIOLOGIA E CLINICA MEDICA LTDA,52,200801
01057679000118,M I RABELO DUARTE,15,201505
01057942000179,HOSPITAL E MATERNIDADE GOIANESIA LTDA,52,201412
01070380000101,TEODORO E VASCONCELOS LTDA,52,201505
01070480000120,INSTITUTO DE OFTALMOLOGIA E OTORRINOLARINGOLOGISTA DE FORTAL,23,200801
01071994000108,FUNDACAO HOSPITALAR DA FRONTEIRA,41,201505
01081470000190,HOSPITAL MONTE SINAI LTDA,52,201505
01087739000145,SANTA CASA DE MISERICORDIA NOSSA SENHORA DAS GRACAS,41,201505
01130491000158,ASS DE PROTECAO A MATERNIDADE E A INFANCIA DE GOIANDIRA,52,201504
01145754000100,HOSPITAL SAO COSME E DAMIAO LTDA,52,200801
01146603000169,GACC GRUPO DE ASSISTENCIA A CRIANCA COM CANCER,35,201505
01152436000169,ASSOCIACAO RIOVERDENSE DE ASSISTENCIA E PROMOCAO HUMANA,31,201505
01156884000130,SOCIEDADE MEDICA SAO LUCAS LTDA,51,200801
01165729000261,FUNDO MUNICIPAL DE SAUDE DE JATAI,52,200801
01184801000117,CLINICA SANTA MARTHA LTDA,21,201505
01185687000140,SABINO ROLIN GUIMAROES FILHO CIA LTDA,25,201206
01187137000160,LIMA E FARIA LTDA,52,200801
01189836000220,COMSAUDE COMUNIDADE DE SAUDE DESENVOLVIMENTO E EDUCACAO,17,200801
01192155000130,CLINICA DE SERVICOS MEDICOS GERAIS LTDA,21,201411
01192155000210,CLINICA DE SERVICOS MEDICOS GERAIS LTDA,21,201505
01193587000165,FUNDACAO MEDICA ASSISTENCIAL DO TRABALHADOR RURAL,52,200801
01200925000149,SANDES CENTRO MEDICO ESPECIALIZADO LTDA,29,201006
01201051000144,ASSOCIACAO BENEFICENTE HOSPITAL DARCI JOAO BIGATON,50,201505
01206960000175,HOSPITAL E MATERNIDADE SAO SEBASTIAO LTDA,52,201505
01208831000116,HOSPITAL E MATERNIDADE NOSSA SENHORA DE FATIMA,25,200801
01210665000192,ASSOCIACAO POPULAR DE SAUDE DE ITAPURANGA APSI,52,201505
01233623000177,FUNDACAO MEDICA ANTONIO LUIZ DE MEDINA,33,200801
01250414000131,PAX CLINICA PSIQUIATRICA LTDA,52,201505
01254422000237,PREFEITURA MUNICIPAL DE SAO FRANCISCO DO GUAPORE,11,201303
01261592000168,ASSOCIACAO BENEFICENTE DE MUCUM ABM,43,201505
01269083000181,HOSPITAL ESPIRITA EURIPEDES BARSANULFO,52,201505
01290253000100,HOSPITAL SAGRADO CORACAO DE JESUS,52,201505
01299825000111,ORGANIZACAO HOSPITALAR SAO JOSE LTDA,52,201505
01307750000173,HOSPITAL BOM JESUS LTDA,52,200801
01318427000103,TOLEDO E FILHOS LTDA,52,200801
01321256000163,HOSPITAL NASR FAIAD LTDA,52,201505
01323146000130,SANTA CASA DE MISERICORDIA DE CATALAO,52,201505
01326206000179,CENTRO MEDICO CIRURGICO DE CATALAO LTDA,52,201505
01348978000101,HOSP E MATERN SANTA MARGARIDA LTDA,52,200801
01354174000115,DORILLA REIS DIAS,52,201011
01359405000183,PORTELA E ALBUQUERQUE LTDA,52,200801
01368232000160,CASA DA CARIDADE DOM ORIONE,17,200801
01377357000156,HOSPITAL ORTOPEDICO LTDA,51,200801
01378090000111,JAIR DINOAH ARAUJO,52,200902
01380237000108,FERNANDO BEZERRA DE ALBUQUERQUE,52,201302
01381151000108,ASSOCIACAO HOSPITAL SAO PIO X,52,201505
01381592000100,HOSPITAL DAS CLINICAS DE COROATA,21,200801
01383835000130,HOSPITAL DAS CLINICAS PRIMAVERA LTDA,51,201505
01385020000190,DOUTOR ALMY DIAS DE SOUZA,52,201505
01387625001435,DOCTOR CLIN OPERADORA DE PLANOS DE SAUDE LTDA,43,201101
01404201000117,HOSPITAL SAO VICENTE DE PAULO,52,201505
01407360000175,AMIGO ASSISTENCIA MEDICA INFANTIL DE GOIANIA LTDA,52,201505
01418453000103,CMC CLINICA MEDICA CATARATAS SC LTDA,41,201505
01431061000176,CLINICA MEDICA DE PLANALTINO LTDA,29,201505
01507380000118,HOSPITAL E MAT HELIO ALVES DA SILVA SC LTDA,15,201501
01507901000137,INSTITUTO DO CORACAO DE NATAL LTDA,24,201505
01525732000168,HOSPITAL EBENEZER LTDA,52,200801
01525849000141,MATERNIDADE E HOSPITAL SAO JUDAS TADEU LTDA,52,201505
01526714000109,HOSPITAL CORACAO DE JESUS LTDA,52,201505
01531714000199,SAID RASSI,52,201505
01533884000102,GASTRO SALUSTIANO HOSPITAL LTDA EPP,52,201505
01534437000178,ORGANIZACAO HOSPITALAR DE GOIAS,52,200801
01536424000138,HOSPITAL MARIA AUXILIADORA LTDA,52,201505
01540335000165,CLINICA SANTA PAULA LTDA,52,200801
01545649000150,PRONTO SOCORRO INFANTIL DE GOIANIA LTDA,52,200801
01545698000193,HOSPITAL SAO MIGUEL,52,200801
01550789000117,CLINICA DE REPOUSO DE GOIANIA LTDA,52,200801
01552309000157,HOSPITAL DE OLHOS CAMARGO ZAMBRIN LTDA ME,52,201505
01552868000167,HOSPITAL SANTA LUCIA LTDA,52,201505
01552942000145,HOSPITAL SAMARITANO DE GOIANIA LTDA,52,201203
01554104000100,HOSPITAL E MATERNIDADE SAO MARCOS LTDA,52,201505
01564939000141,CLINICA INFANTIL DE CAMPINAS LTDA,52,201505
01565209000165,CLINICA SANTA GENOVEVA SC,52,201505
01567601000224,HOSPITAL DAS CLINICAS UFG,52,201505
01567668000188,HOSPITAL SANTA CATARINA LTDA,52,201505
01569060000192,CLINICA SANTA MONICA LTDA,52,201505
01569132000100,INSTITUTO INTEGRADO DE SAUDE LTDA,15,200801
01571791000172,INSTITUTO POTIGUAR DE OFTALMOLOGIA LTDA EPP,24,201212
01574036000141,LEALMORAES LTDA,15,200801
01578554000214,PREFEITURA MUNICIPAL DE GOVERNADOR LUIZ ROCHA,21,201505
01585595000157,ASSOCIACAO DE COMBATE AO CANCER EM GOIAS,52,201505
01586742000103,HOSPITAL ORTOPEDICO DE GOIANIA LTDA,52,201505
01588128000180,PRONTO SOCORRO PARA QUEIMADURAS LTDA,52,201505
01590900000107,HOSPITAL UROLOGICO DE GOIANIA LTDA,52,201505
01599092000130,REAL SOCIEDADE PORTUGUESA DE SANTA MARIA,27,200801
01606515000100,ASSOCIACAO PISIQUIATRICA TEODORA ALBUQUERQUE,27,201505
01608475000209,PREFEITURA MUNICIPAL DE VILA NOVA DOS MARTIRIOS,21,201505
01608768000296,PREFEITURA MUNICIPAL DE NOVA COLINAS,21,201505
01609274000145,OFTALMOCENTRO DE UBERABA LTDA,31,200801
01610134000278,PREFEITURA MUNICIPAL DE CIDELANDIA,21,201505
01612346000294,PREFEITURA MUNICIPAL DE IGARAPE DO MEIO,21,201505
01612355000285,SECRETARIA MUNICIPAL DE SAUDE DE PORTO REAL,33,201505
01613956000202,PREFEITURA MUNICIPAL DE SAO PEDRO DAGUA BRANCA,21,201504
01613967000101,WALTER MASSI,52,200801
01615319000194,HOSPITAL E MATERNIDADE VILA NOVA LTDA,52,200801
01615632000122,HOSPITAL GOIANIA LESTE LTDA,52,201505
01617489000108,INSTITUTO GOIANO DE PEDIATRIA LTDA,52,201505
01619790000150,SANTA CASA DE MISERICORDIA DE GOIANIA,52,201505
01625151000106,HOSPITAL SAO FRANCISCO DE ASSIS LTDA,52,201505
01640539000178,HOSPITAL E MATERNIDADE FREI SAMARATE SC LTDA,15,200801
01653450000146,INSTITUTO ESPIRITA BATUIRA DE SAUDE MENTAL,52,201505
01688746000100,MORAHN MOVIMENTO DE REINTEGRACAO DO HANSENIANO,52,200801
01696781000163,PREFEITURA MUNICIPAL DE MIRABELA,31,200801
01715614000112,HOSPITAL ORTOPEDICO DE URUACU LTDA,52,201505
01728890000115,CLINICA REVIVER LTDA,42,201505
01740921000153,FUNDACAO DE SAUDE DR JACOB BLESZ,43,201505
01747603000114,REGIANNE PIRES CIA LTDA,15,201505
01751614000178,PREFEITURA MUINICIPAL DE PASSA E FICA,24,200801
01758119000190,HOSP NOSSA SENHORA DAS GRACAS LTDA,52,201504
01767090000103,SOCIEDADE HOSPITALAR BENEFICENTE FREI BRUNO,42,201505
01775217000136,HOSPITAL SAO PAULO LTDA,22,201505
01775834000131,FUNDACAO HOSPITALAR JOSE PEREGRINO,24,200801
01780642000113,HOSPITAL E MATERNIDADE SAO LUCAS LTDA,52,200801
01788362000151,SOCIEDADE CIVIL NOSSA SENHORA APARECIDA,41,200801
01790047000169,HOSPITAL E MATERNIDADE MOZARLANDIA,52,200801
01790070000153,HOSPITAL ORTOPEDICO DE CERES LTDA,52,201505
01797117000100,HOSPITAL E MATERNIDADE SAO PIO X LTDA,52,201505
01803082000256,SECRETARIA MUNICIPAL DE SAUDE DE TIMON,21,200801
01807487000262,HOSP LOCAL DE MATIAS OLIMPIO,22,200801
01813401000123,CLINICA PSIQUIATRICA PINEL SC LTDA,52,201505
01816967000109,IRMANDADE NOSSA SENHORA DA CONCEICAO DE PARA DE MINAS,31,201505
01825603000195,SOCIEDADE HOSPITALAR SANTA LUZIA LTDA,52,201505
01842194000135,HOSPITAL DE TRINDADE LTDA,52,201505
01857622000101,HOSPITAL DE CARIDADE SAO PEDRO DALCANTARA,52,201504
01861855000170,AZZI E SUBTIL LTDA,52,200801
01862880000178,PREFEITURA MUNICIPAL DE BACABAL,21,200801
01864999000260,SMS DE BARRO DURO,22,201106
01868298000119,HOSPITAL OSWALDO CRUZ,51,201505
01868641000125,HOSPITAL SANTA MARIA SC LTDA,15,200801
01884775000130,ASSOCIACAO HOSPITALAR SAO JOSE,43,201505
01910810000148,HOSPITAL DIA DE PICOS,22,201504
01916808000186,HOSPITAL SAO PAULO LTDA,52,201505
01923465000187,ASSOCIACAO BENEF DR JULIO PAULINO MAIA,50,201505
01951177000136,SOCIEDADE INTEGRADA DE ASSISTENCIA SOCIAL,50,201505
01979048000156,SOCIEDADE HOSPITALAR S GABRIEL AMETISTA DO SUL,43,201505
02023729000109,HOSPITAL SAO SEBASTIAO LTDA,52,201505
02037950000116,IRMANDADE SANTA C M CASSILANDIA,50,201504
02072332000107,SOCIEDADE BENEFICENTE HOSPITAL SAO SEBASTIAO DE INHAPIM,31,201505
02072841000130,CLINICA E CIRURGIA LTDA,52,200801
02074443000233,SMS DE ITAUEIRA,22,201505
02079705000171,HOSPITAL SAO VICENTE LTDA,52,200801
02083986000136,HOSPITAL MATERNIDADE SAO MIGUEL LTDA,15,201504
02096659000119,HOSPITAL SAO SEBASTIAO DE INHUMAS LTDA,52,201504
02098853000133,TUFI ELIAS JORGE SAHIUM,52,201412
02106150000614,CENTRO DE MEDICINA HUMANA SC LTDA,29,201505
02108023000301,CESED CENTRO DE ENSINO SUPERIOR E DESENVOLVIMENTO LTDA,25,201505
02109397000180,NATAL HOSPITAL CENTER S A,24,201505
02118099000156,CLINICA SANTA MARIA LTDA,52,200801
02122156000170,JL DA LUZ,22,200801
02122913000106,ASSOCIACAO HOSPITALAR LENOIR VARGAS FERREIRA,42,201505
02122913000297,ASSOCIACAO HOSPITALAR LENOIR VARGAS FERREIRA,42,201505
02122913000378,ASSOCIACAO HOSPITALAR LENOIR VARGAS FERREIRA,42,201505
02134930000163,HOSPITAL EVANGELICO DE IPORA LTDA,52,200801
02137404000157,HOSPITAL E MATERNIDADE SAO PAULO LTDA,52,200801
02145908000119,CENTRO INTEGRADO DE OFTALMOLOGIA LTDA,42,201505
02160922000191,ASSOCIACAO COMUNITARIA SAO JUDAS TADEU,42,201505
02165389000150,HOSPITAL E MATERNIDADE MAE MARIA LTDA,52,200801
02170264000119,WAGNER CAMARGO,52,200801
02171767000109,HOSPITAL SAO LUCAS DE INDIARA LTDA,52,200801
02181238000196,DIVINO GERSON DE FARIA,52,200801
02194783000117,SOCIEDADE BENEFICENTE CRISTO REI,41,201505
02197747000107,HOSPITAL SANTA MARIA DE ITUMBIARA LTDA,52,201505
02198539000122,HOSPITAL E MATERNIDADE SAO MARCOS,52,201505
02201695000103,HOSPITAL E MATERNIDADE ITAPERUCU,41,201505
02202173000118,HOSPITAL JULIA SEFER SA LTDA,15,201504
02206472000120,HOSPITAL E MATERNIDADE BELA VISTA LTDA,52,200801
02209094000139,VITORIA APART HOSPITAL SA,32,201305
02212781000103,SOCIEDADE BENEFICENTE WALDEMAR MIGUEL,31,201505
02216174000111,HOSPITAL SANTA MARTA LTDA,52,200801
02223709000181,CLINICA HOSPITALAR SANTO ANTONIO LTDA,52,200801
02226140000108,ANTONIO GONCALVES DA SILVA E CIA LTDA,52,201505
02233948000112,ASSOCIACAO PRO CARITAS,52,201505
02237246000107,HOSP E MAT JARAGUA OBRA UNIDA A SOC SAO VIC DE PAULA,52,201505
02248417000101,SOCIEDADE MANTENEDORA DO HOSPITAL REGIONAL JATAI,52,200801
02251214000166,FUNDACAO EDUCACIONAL E DE SAUDE DE SONORA,50,201505
02252005000137,HOSPITAL PADRE THIAGO,52,201408
02257855000128,CENTRO MEDICO E MATERNIDADE MENINO JESUS LTDA,52,201505
02267239000158,NUCLEO DE MEDICINA ESPECIALIZADA,31,201505
02274652000140,HOSPITAL SANTA CECILIA LTDA,52,201505
02279632000161,SOS SERVICO DE OLHOS SANTANA LTDA,29,201505
02284062000106,HOSPITAL ESPERANCA LTDA,26,200801
02304065000156,HOSPITAL DR ESTEVAM PONTE LTDA,23,201505
02308080000172,HOSPITAL CAROLINA DUARTE LTDA,22,200801
02315463000178,FIGUEIRAS JUNIOR E CIA LTDA,52,201505
02329555000107,ORGANIZACAO HOSPITALAR DONA ELISA,52,200801
02341489000190,J L RAMOS CALDAS E CIA LTDA,21,200801
02342509000148,HOSPITAL NOSSA SENHORA DO CARMO LTDA,52,200801
02343630000194,CASA DE SAUDE E MATERNIDADE SYLVIO DE MELLO LTDA,52,201505
02348373000183,SANTA CASA DE MISERICORDIA DE BURITI ALEGRE,52,201503
02350961000151,ASSOCIACAO BENEFICIENTE DE SAUDE E ASSISTENCIA SANTA MARIA,21,200801
02351408000133,NOSSA MED HOSPITAL E MATERNIDADE,41,201505
02382604000175,CLINICA INFANTIL DE CERES LTDA,52,201505
02385669000174,FIOTEC INSTITUTO FERNANDES FIGUEIRA,33,201411
02393874000181,AZEREDO E SILVA LTDA,52,200801
02411710000130,IRMANDADE BENEFICIENTE SAO JOSE,35,201505
02427361000144,CONSORCIO INTERMUNICIPAL DE SAUDE DO MEDIO ARAGUAIA,51,201505
02431997000160,HOSPITAL CRISTO REDENTOR LTDA,52,200801
02438461000176,HOSPITAL ALMODIN LTDA,41,201505
02453249000188,ROBERTO MARTINS SPADONI,52,200801
02461491000101,PREFEITURA MUNICIPAL DE BARRA DO GARCAS,51,201011
02466144000163,BAHIA SECRETARIA DE SAUDE DO ESTADO,29,201505
02466571000141,MATERDEI HOSPITAL MATERNO INFANTIL LTDA,51,200801
02476391000140,HOSPITAL VIDA,27,201505
02485175000161,PREFEITURA MUNICIPAL DE CHAPADA DOS GUIMARAES,51,201410
02490217000152,SOCIEDADE HOSPITALAR SAUDE LTDA,51,200801
02500002000256,FUNDACAO UNI,35,201302
02503447000109,HOSPRET HOSPITAL E MATERNIDADE LTDA,51,200801
02505238000102,INSTITUTO DE PSIQUIATRIA PROFESSOR WASSILY CHUC LTDA,52,201505
02525541000169,NOBREGA E VASCONCELOS LTDA,52,200801
02545778000101,ASSOCIACAO HOSPITALAR SANTA RITA,43,201505
02551236000141,INSTITUTO DA VISAO DR LUIZ ANTONIO KUSS LTDA,41,201505
02556932000140,SMS DE BERTOLINIA,22,201005
02560878000107,HOSPITAL ANCHIETA LTDA,53,200801
02572726000124,CCO CENTRO CEARENSE DE OFTALMOLOGIA LTDA,23,201504
02600740000194,FUNDACAO BANCOS DE OLHOS DE GOIAS,52,201505
02601752000133,HOSPITAL E MATERNIDADE SAO CAMILO SC LTDA,35,200801
02608131000181,HOSPITAL EVANGELICO DE RIO VERDE,52,201505
02615078000146,ASSOCIACAO DE PROTECAO A MATERNIDADE E A INFANCIA,52,201505
02615607000101,ASSOCIACAO BENEFICENTE ANDRE LUIZ,52,200801
02634186000166,RIBEIRO SHONO E CALIL LTDA,52,200801
02636490000142,HOSPITAL E MATERNIDADE CAMPOS LTDA ME,52,200801
02652865000168,CLINICA JARDIM AMERICA LTDA,52,200801
02662035000111,ISO OLHOS INSTITUTO DE SAUDE OCULAR LTDA,31,201505
02672599000135,FUNDACAO HOSPITALAR DE RESENDE,33,200801
02683662000139,HOSPITAL GOIANIRA LTDA,52,201503
02695591000194,HOSPITAL CLINICO CIRURGICO LTDA,52,200801
02699069000180,NEUROCENTRO SC LTDA,23,201412
02709296000220,HOSPITAL MUNICIPAL DE SAO FELIX DO XINGU,15,201505
02747949000185,HOSPITAL DIA PSIQUIATRICO RENASCER LTDA,41,200801
02748506000290,CENTRO DE EDUCACAO E SAUDE COMUNITARIO CESAC,26,201505
02756031000445,COBRA CENTRO ONCOLOGICO BRASILEIRO LTDA,21,201306
02761347000182,ORGANIZACAO HOSPITALAR SAO JOSE DO TOCANTINS LTDA,52,200801
02762633000162,FUNDACAO DE ATENCAO A SAUDE DE ITABUNA,29,201505
02765097000663,ASSOCIACAO BENEDITINA DA PROVIDENCIA HOSPITAL SAO MARCOS,42,201505
02765097001635,ASSOCIACAO BENEDITINA DA PROVIDENCIA ABENP,42,201505
02766875000558,UPDATE UNIDADE PESQ DIAG AVANCADA E TRA ESPEC S C LTDA EPP,24,201505
02776458000162,HOSPITAL NOSSA SENHORA SANTANA LTDA,52,201505
02778769000160,CENTRO DE MEDICINA INTEGRADA LTDA,52,201505
02787634000161,ASSOCIACAO BENEFICENTE DE ITABERA,35,201411
02798796000103,IRMANDADE DA SANTA CASA DE MISERICORDIA DE MONTE BELO,31,201505
02815033000115,HOSPITAL GHS LTDA,52,200801
02817369000117,EMPRESA HOSPITALAR REUNIDA LTDA,52,200801
02828204000140,ONIX CENTRO MEDICO LTDA,41,201505
02850634000169,HOSPITAL CIDADE JARDIM LTDA,52,201505
02860567000163,L C DE OLIVEIRA XAVIER,17,200801
02874741000127,HOSPITAL REGIONAL DE CRIXAS LTDA,52,201505
02877511000111,FUNDACAO SAO CARLOS,31,201505
02881019000110,HOSPITAL MODELO REGIONAL LTDA,52,200801
02911462000196,WILLIAN COSTA RIBEIRO E CIA LTDA,52,200801
02927389000140,ASSOCIACAO CASA DE SAUDE BENEFICENTE DE INDIAPORA,35,201505
02930277000149,HOSPITAL MUNI DE URGE E EMER CLEMENTINO MOURA SOCORRAO II,21,201505
02973240000521,SECRETARIA DE ESTADO DA SAUDE,21,201505
02973240000602,SECRETARIA DE ESTADO DA SAUDE DO MARANHAO,21,201505
02973240000793,SECRETARIA DE ESTADO DA SAUDE,21,201505
02973240000874,SECRETARIA DE ESTADO DA SAUDE,21,201505
02973240000955,SECRETARIA DE ESTADO DA SAUDE,21,201505
02973240001099,PREFEITURA MUNICIPAL DE CHAPADINHA HAPA,21,200801
02973240001331,SECRETARIA DE ESTADO DA SAUDE DO MARANHAO,21,201505
02973240001412,SECRETARIA DE ESTADO DA SAUDE DO MARANHAO,21,201505
02973240002575,SECRETARIA DE ESTADO DA SAUDE SES,21,201505
02973240002737,PREFEITURA MUNICIPAL DE COROATA,21,200912
02973240002818,PREFEITURA MUNICIPAL DE BACABAL,21,200801
02973240002907,GERENCIA DE ESTADO DE QUALIDADE DE VIDA,21,201504
02973240003032,SECRETARIA DE ESTADO DA SAUDE DO MARANHAO,21,201505
02973240003202,SECRETARIA DE ESTADO DA SAUDE DO MARANHAO,21,201505
02973240003466,GERENCIA DE ESTADO DE QUALIDADE DE VIDA,21,200801
02973240003970,SECRETARIA DE ESTADO DA SAUDE DO MARANHAO,21,201505
02982622000198,PS BRANDES E CIA LTDA,21,200801
02984340000120,COTEFI CLINICA DE ORTOPEDIA TRAUMATOLOGIA E FISIOTERAPIA SC,29,201410
02990135000177,CLINICA PHILLADELFIA LTDA,22,200801
02993385000160,FUNDACAO ELETRONUCLEAR DE ASSISTENCIA MEDICA,33,201505
03004504000330,MISSAO CRISTA BRASILEIRA,51,200801
03009149000120,SOC PATRONATO NS DO PILAR MANT DO HOSPITAL JAURU,51,200801
03030285000100,SOCIEDADE BENEFICENTE DONA ELMIRIA SILVERIO BARBOSA,50,201505
03030431000199,CLINICA PSIQUIATRICA SANTO ANTONIO DE PADUA LTDA,26,201505
03066309000334,ASSOCIACAO FRANCISCANA DE ASSISTENCIA A SAUDE,43,201505
03066309000920,ASSOCIACAO FRANCISCANA DE ASSISTENCIA A SAUDE,43,201505
03066309001144,ASSOCIACAO FRANCISCANA DE ASSISTENCIA A SAUDE,43,201505
03070653000135,VALMIR PEDROSO,50,201505
03073525000145,ASSOC DE PROT ASSIST A MAT E A INFANCIA DE NIOAQUE,50,200801
03073889000125,SOCIEDADE BENEFICIENCIA POCONEANA,51,201505
03076452000145,ASSOCIACAO BENEFICENTE DE RIO BRILHANTE,50,201505
03086218000107,PREFEITURA MUNICIPAL DE TIMBO GRANDE,42,200801
03087115000153,HOSPITAL PSIQUIATRICO DIA WALTERDS SAMPAIO,22,200801
03094360000198,UNIDADE MISTA NOSSA SENHORA DAS GRACAS,27,201503
03095976000183,CLINICA DE URGENCIA DE PICOS,22,201504
03099157000104,SANTA CASA DE MISERICORDIA E MATERNIDADE DE RONDONOPOLIS,51,201505
03123393000208,ASSOCIACAO FRANCISCANA DE ASSISTENCIA A SAUDE,43,201505
03128118000198,SOCIEDADE HOSPITALAR SAO JOAO BATISTA,51,201505
03149572000125,WW LTDA CASA DE SAUDE DE RIO VERDE,50,200801
03153806000108,HOSPITAL BENEFICENTE SAO MATEUS,50,201505
03153947000120,MATERNIDADE DA MAE POBRE NOSSA SENHORA DA GLORIA,50,201505
03163888000171,SANTA CASA DE MISERICORDIA DE PARANAIBA,50,201504
03163912000172,HOSPITAL PSIQUIATRICO DR ADOLFO BEZERRA DE MENEZES,50,201504
03168879000173,BENEFICENCIA HOSPITALAR DE BELA VISTA,50,201505
03177955000107,SOCIEDADE HOSPITALAR BENEFICENTE SAO MIGUEL,42,200801
03178170000159,FUNDACAO LUVERDENSE DE SAUDE,51,201505
03183699000160,COLETTO E NEWMANN,15,200801
03184906000100,ASSOCIACAO HOSPITALAR MANOEL FRANCISCO GUERREIRO,43,201505
03198858000109,HOSPITAL MATERNIDADE AGOSTINHO CRUZ MARQUES,21,201505
03202777000127,HOSPITAL MARECHAL RONDON,50,201505
03207938000175,SMS RIO HOSPITAL MUNICIPAL FRANCISCO DA SILVA TELLES AP 3 3,33,201505
03211935000105,SOCIEDADE HOSPITALAR SAO LUCAS,50,201505
03216882000115,ULTRA CLINICA SIC LTDA,15,200801
03221702000193,FUNDACAO CARMEN PRUDENTE DE MATO GROSSO DO SUL,50,201505
03222051000156,INSTITUTO RODOLFO NEIROTTI DE GERENCIAMENTO E PESQUISA LTDA,28,201505
03222916000184,SOCIEDADE DE P A MAT E A I DE CAMAPUA,50,201505
03264911000114,HOSPITAL DAS CLINICAS DE ANANINDEUA SC LTDA,15,201505
03266988000123,HOSPITAL E MATERNIDADE NOSSA SENHORA SANTANA LTDA,51,200801
03267101000464,CENTRO ESPIRITA DISCIPULOS DE JESUS,50,201505
03270100000126,UNIDADE MISTA DE JUAZEIRO,29,200801
03272689000100,ASSOCIACAO DE AMPARO A MATERNIDADE E A INFANCIA,50,201505
03272699000137,HOSPITAL MUNICIPAL DR MUNIR RAFFUL,33,201505
03273885000190,ASSOCIACAO DE AUXILIO E RECUPERACAO DOS HANSENIANOS,50,201505
03276524000106,ASSOCIACAO BENEFICENTE DE CAMPO GRANDE,50,201505
03278063000100,PREFEITURA MUNICIPAL DE SANTA FILOMENA DO MARANHAO,21,201505
03284505000113,HOSPITAL MATERNIDADE SAO VICENTE DE PAULO,23,201505
03291531000179,CLINICA DE ATENDIMENTO MEDICO ESPECIALIZADO LTDA ME,52,201505
03324861000113,FUNDACAO HOSPITALAR VALE DO JARI,15,200801
03342905000138,HOSPITAL E MATERNIDADE WILSON MARTINS LTDA,22,201505
03343654000106,SOCIEDADE BENEFICENTE DE MIRANDA,50,200801
03347838000144,O BOM SAMARITANO,51,201505
03350495000177,CLINICA SAO FRANCISCO,31,201209
03370822000152,ASSOC DE PROTECAO E ASSIST AS MAES E C JATAIENSES,50,201505
03376102000102,BAHIA SERVICOS DE SAUDE LTDA,29,201505
03381498000178,ASSOCIACAO BENEFICENTE DE CORUMBA,50,201505
03389961000128,SMS RIO IMAS JULIANO MOREIRA AP 40,33,201505
03389985000187,SMS RIO HOSPITAL MUNICIPAL ALVARO RAMOS AP 40,33,201505
03390000000133,CENTRO MEDICO E MATERNIDADE SAO VICENTE LTDA,52,200801
03390337000140,SMS RIO HOSPITAL MUNICIPAL JURANDYR MANFREDINI AP 40,33,201505
03390345000197,SMS RIO HOSPITAL MUNICIPAL DA PIEDADE AP 32,33,201505
03400991000198,SOCIEDADE BENEFICENCIA DE DOM AQUINO,51,201505
03403105000180,MARAN WATTE ACOSTA E CIA LTDA,41,200801
03409366000107,SANTA CASA DE MISERICORDIA DE LAGOA SANTA,31,200801
03415551000104,CLINICA SAO JOSE LTDA,51,200801
03418190000150,SAUDE CENTER HOSPITAL E MATERNIDADE,15,200801
03420437000172,HOSPITAL SAO SILVESTRE LTDA,52,201505
03422557000109,HOSPITAL E MATERNIDADE SAO LUIZ LTDA,52,200801
03423997000180,CAIRES CIA LTDA,15,200801
03434647000110,FUNDACAO DE SAUDE STO ANT DOS TRAB RUR DE GUARANIACU,41,201505
03452469000150,SESDEC HOSPITAL ESTADUAL ADAO PEREIRA NUNES,33,201005
03454583000119,SECRETARIA DE ESTADO DE SAUDE E DEFESA CIVIL RIO DE JANEIRO,33,200912
03456304000156,INST CEMA DE OFTALMOLOGIA E OTORRINOLARINGOLOGIA,35,201505
03479706000176,HOSPITAL E MATERNIDADE SANTA ANA LTDA,50,200801
03481454000896,ASSOCIACAO BENEFICENTE E CULTURAL CORACAO DE MARIA,51,200801
03495529000111,CAMARGO E MENDONCA LTDA,28,201505
03503638000214,PREFEITURA MUNICIPAL DE PONTE BRANCA,51,201505
03507514000207,PREFEITURA MUNICIPAL DE NOSSA SENHORA DO LIVRAMENTO,51,201505
03508210000183,ASSOCIACAO DE ASSIST MEDICA HOSP DR LINCOLN GRACA,41,201505
03509072000157,ASSOCIACAO BENEFICIENTE ASSISTENCIAL HOSP CLINICAS DENISE,51,201505
03515174000185,SECRETARIA DE ESTADO DA SAUDE,25,201505
03539681000159,FUNDACAO DE SAUDE COMUNITARIA DE VARZEA GRANDE,51,201502
03547536000110,HELIO AMARAL RIBEIRO E CIA LTDA,51,200801
03558958000190,CLINICA MATERNO INFANTIL PLANALTO LTDA,13,200803
03568867000136,HOSPITAL DAS FORCAS ARMADAS,53,201004
03570892000154,HOSPITAL SANTA MARIA LTDA,50,200801
03571213000161,HOSPITAL E MATERNIDADE DE SANTA MARTA LTDA,50,200801
03583788000102,HOSPITAL DE CLINICAS SAO LUCAS SC LTDA,50,200801
03604782000166,ASSOCIACAO BENEFICENTE DOURADENSE,50,201505
03611193000296,SERVFISIO CLINICA DE FISIOTERAPIA ORTOPEDIA E TRAUMA LTDA,29,201410
03616243000147,ASSOCIACAO HOSPITAL CENTENARIO DE PAU DOS FERROS,24,201505
03620291000109,HOSPITAL NAZARENO LTDA,50,200801
03627314000107,HOSPITAL SAO LUCAS LTDA,53,201103
03644593000117,HOSPITAL VITA VOLTA REDONDA SA,33,201505
03650637000111,HOSPITAL ARENAPOLIS,51,201408
03667482000126,SOCIEDADE BENEFICENTE DE PORTO MURTINHO,50,201207
03694911000154,VISAO CLINICA DE OLHOS LTDA,24,201505
03712738000170,HOSPITAL GERAL SANTA LUZIA LTDA,29,201408
03715584000170,DMX ASSESSORIA E GESTAO LTDA,29,200801
03728477000186,HOSPITAL MUNICIPAL DE FRANCISCO SA,31,201505
03746769000141,SOCIEDADE BENEFICIENTE HOSPITALAR SENHOR BOM JESUS,42,200801
03747268000180,MISSAO EVANGELICA CAIUA,50,201505
03752532000173,HOSPITAL DAS CLINICAS DE TANGARA LTDA,51,201505
03756772000146,FUNDACAO MEDICO ASSISTENCIAL DO TRABALHADOR RURAL,51,201505
03781580000190,ASSOCIACAO DE SAUDE MENTAL INFANTIL DE GOIAS,52,201505
03846821000131,HOSPITAL NOSSO SENHORA MONT SERRAT LTDA,52,200801
03851397000113,FUNDACAO VESPASIANENSE DE SAUDE,31,201505
03857372000127,ASSOCIACAO MUNICIPAL DE PROTECAO E ASSIST DE ROSARIO OESTE,51,201412
03873593000199,SOCIEDADE BENEFICIENTE DO HOSPITAL NOSSA SENHORA AUXILIADORA,50,201505
03874990000185,SMS RIO INSTITUTO MUNICIPAL NISE DA SILVEIRA AP 32,33,201505
03875041000110,SMS RIO INSTITUTO MUNICIPAL PHILIPPE PINEL AP 21,33,201505
03875134000144,SMS RIO HOSPITAL MUNICIPAL RAPHAEL DE PAULA SOUZA AP 40,33,201505
03888591000173,SOCIEDADE AMIGOS AMAMBAI,50,201505
03891850000115,HOSPITAL E MATERNIDADE SETE QUEDAS LTDA,50,200801
03905023000133,HOSPITAL E MATERNIDADE BOM JESUS SC,50,200801
03911028000179,HOSPITAL MUNICIPAL DE BOM JARDIM DA SERRA,42,201505
03923737000174,IRMANDADE DA S C DE M BATAGUASSU,50,201505
03925419000142,HOSPITAL AMECOR LTDA,51,201505
03926987000168,ASSOCIACAO BENEFICENTE DE SAUDE DOS MILITARES DO ESTADO MT,51,201505
03933935000119,MEHANNA E MEHANNA S C LTDA,41,201505
03938727000102,SOTRAUMA SC LTDA,51,200801
03958221000165,CLINICA DE REPOUSO DE PARNAIBA LTDA,22,201505
04013515000187,HOSPITAL SANTA BARBARA,31,201505
04034526000224,SECRETARIA DE ESTADO DE SAUDE,12,201505
04034526000305,SECRETARIA DE ESTADO DE SAUDE,12,201505
04034526000496,SECRETARIA DE ESTADO DE SAUDE,12,201505
04034526000577,SECRETARIA DE ESTADO DE SAUDE,12,201505
04034526000810,SECRETARIA DE ESTADO DE SAUDE,12,201505
04034526000909,SECRETARIA DE ESTADO DE SAUDE DO ACRE SESACRE,12,201505
04034526001034,SECRETARIA DE ESTADO DE SAUDE,12,201505
04034526001115,SECRETARIA DE ESTADO DE SAUDE,12,201505
04034526001204,SECRETARIA DE ESTADO DE SAUDE,12,201505
04034526001468,HOSPITAL JOAO CANCIO FERNANDES,12,201505
04034526001549,SECRETARIA DE ESTADO DE SAUDE,12,201505
04034526001620,SECRETARIA DE ESTADO DE SAUDE,12,201505
04034526001700,SECRETARIA DE ESTADO DE SAUDE,12,201505
04034526001891,SECRETARIA DE ESTADO DE SAUDE,12,201505
04034526002006,SECRETARIA DE ESTADO DE SAUDE,12,201505
04034526002359,SECRETARIA DE ESTADO DE SAUDE DO ACRE,12,201505
04034526002430,SECRETARIA DE ESTADO DE SAUDE DO ACRE,12,201205
04034526002510,SECRETARIA DE ESTADO DE SAUDE,12,201505
04034526002600,SECRETARIA DE ESTADO DE SAUDE,12,201410
04034526002863,SECRETARIA DE ESTADO DE SAUDE,12,201411
04034526003088,SECRETARIA DE ESTADO DE SAUDE,12,201505
04034526003240,SECRETARIA DE ESTADO DE SAUDE,12,201505
04034526003320,SECRETARIA DE ESTADO DE SAUDE,12,201505
04044299000137,UNIDADE MISTA DE CAROEBE,14,200801
04056206000194,HOSPITAL EPITACIO DE ANDRADE LUCENA,14,200801
04062415000140,ASSOCIACAO BENEF HOSP SAO RAFAEL ARCANJO,43,201505
04064818000129,CENTRO MEDICO INTEGRADO VALE DO GUAPORE LTDA,51,201505
04079079000149,FUNDACAO HOSPITALAR DE PARAGUACU,31,201505
04092672000206,PREFEITURA MUNICIPAL DE JIPARANA,11,201504
04092680000252,PREFEITURA MUNICIPAL DE PIMENTA BUENO,11,201505
04092706000262,PREFEITURA MUNICIPAL DE VILHENA,11,201505
04092714000209,PREFEITURA MUNICIPAL DE CACOAL,11,201502
04100020000276,PREFEITURA MUNICIPAL DE COSTA MARQUES,11,201501
04104816000205,PREFEITURA MUNICIPAL DE ARIQUEMES,11,201505
04104816000388,PREFEITURA MUNICIPAL DE ARIQUEMES,11,201505
04169712000190,ASSOCIACAO NORTE PARANANENSE DE COMBATE AO CANCER,41,201505
04175034000259,CLINICA MEDICA REGIONAL LTD,28,201208
04189470000104,HOSPITAL NOSSA SENHORA DO ROSARIO LTDA,52,201505
04204863000131,HOSPITAL SAMARITANO DE JACUNDA LTDA,15,201505
04219820000120,M F MALTA PETUBA CIA LTDA,15,200801
04228409000110,HOSPITAL E MATERNIDADE MENINO JESUS LTDA,15,201504
04279226000124,V T MAEDA E CIA LTDA,41,201505
04279238000230,PREFEITURA MUNICIPAL DE JARU,11,201505
04287520000269,HOSPITAL DE BASE DR ARY PINHEIRO,11,201505
04287520000340,HOSPITAL ESTADUAL E PRONTO SOCORRO JOAO PAULO II,11,201505
04287520000501,HOSPITAL INFANTIL COSME E DAMIAO,11,201505
04287520000773,SECRETARIA ESTADUAL DA SAUDE,11,201505
04287520001079,HOSPITAL REGIONAL DE CACOAL,11,201505
04287520001150,SECRETARIA DE ESTADO DA SAUDE,11,201505
04295265000115,ASAMAS ASSOCIACAO SANTA MARIA DE SAUDE,35,201312
04311093000479,CAIXA DE ASSISTENCIA DOS SERVIDORES DO ESTADO DE MS,50,201504
04316867000101,PREFEITURA MUNICIPAL DE ALTO PARAISO,11,201501
04322271000114,HOSPITAL MARIPA LTDA,41,200801
04332939000104,HOSPITAL E PRONTO SOCORRO DA CRIANCA ZONA LESTE,13,201505
04357778000103,HOSPITAL MODELO LTDA,15,201505
04371703000187,DIRETORIA DE SAUDE DA POLICIA MILITAR DO ESPIRITO SANTO,32,201505
04378626001592,UNIVERSIDADE FEDERAL DO AMAZONAS,13,201505
04380507000250,HOSPITAL MUNICIPAL DRA LAURA MARIA BRAGA,11,201501
04382792000167,SOCIEDADE PORTUGUESA BENEFICENTE DO AMAZONAS,13,201505
04384829000196,MATERNIDADE HILDETE FALCAO BAPTISTA,28,200801
04385190000163,ASSOCIACAO COMUNITARIA DE SAUDE DE DELFINOPOLIS,31,200801
04391512000268,PREFEITURA MUNICIPAL DE COLORADO DO OESTE,11,201505
04394805000207,PREFEITURA MUNICIPAL DE ROLIM DE MOURA,11,201504
04408641000130,CENTRO MEDICO VANDERLAN CARVALHO LTDA,25,201010
04417906000167,PREFEITURA MUNICIPAL DE ESPINOSA,31,201505
04424552000188,OCULISTAS ASSOCIADOS DE MANAUS LTDA,13,201310
04425022000154,PREFEITURA MUNICIPAL DE MORROS,21,200801
04436552000106,PREFEITURA MUNICIPAL DE JACUNDA,15,200902
04441389000404,SECRETARIA DE ESTADO DE SAUDE DE MATO GROSSO,51,201505
04441389000757,SECRETARIA DE ESTADO DE SAUDE,51,201505
04441389000919,SECRETARIA ESTADUAL DE SAUDE DE MATO GROSSO,51,201502
04458767000110,HOSPITAL CENTRAL DE PIRABAS SC LTDA,15,200801
04465691000150,PREFEITURA MUNICIPAL DE ITINGA DO MARANHAO,21,201505
04487476000150,PRONTO SOC CARDIO RESPIRATORIO E HOSP CORACAO S S LTDA,13,201505
04509836000177,PREFEITURA MUNICIPAL DE SAO FRANCISCO DO BREJAO,21,201505
04510707000107,SANTA CASA DE MISERICORDIA DE CRUZEIRO DO SUL,12,201504
04528075000109,HOSPITAL SAO LUCAS SC LTDA,15,201504
04534053000143,FUNDACAO DE MEDICINA TROPICAL DOUTOR HEITOR VIEIRA DOURADO,13,201505
04535958000138,HOSPITAL PEDRIATRICO DE CONQUISTA,29,200801
04541288000162,HOSPITAL SAO SEBASTIAO,31,201505
04550185000169,G SILVA SANTOS E CIA LTDA,15,200801
04579488000104,HOSPITAL SAO LUCAS LTDA,15,201505
04592078000101,ORTOFORT CLINICA ORTOPEDICA LTDA,29,201505
04613761000170,CLINICA CIRURGICA SANTA CLARA LTDA,29,201505
04632212000223,PREFEITURA MUNICIPAL DE PRESIDENTE MEDICE,11,200801
04666577000198,HOSPITAL DA CHAPADA EMPREENDIMENTOS MEDICO HOSPITALARES LTDA,29,201503
04666863000153,HOSPITAL SANTA JULIA LTDA,13,201505
04678251000180,OFTALMO DAY CLINIC LTDA,21,201501
04678251000261,OFTALMO DAY CLINIC LTDA,21,200801
04679990000197,MACM PRESTADORA DE SERVICOS MEDICOS LTDA,41,201505
04695284000210,PREFEITURA MUNICIPAL DE ESPIGAO DOESTE,11,201505
04710210000124,CENTRO HOSPITALAR MANOEL ANDRE LTDA,27,201505
04758223000173,HOSPITAL MATERNIDADE DO POVO CAPITAO POCO,15,201505
04762301000103,HOSPITAL DO CORACAO DE LONDRINA LTDA,41,201505
04776818000151,ASSOCIACAO BENEFICENTE HOSPITAL COMUNITARIO SANTA CLARA,43,201310
04782595000135,CASA DE SAUDE MAE DO RIO,15,200801
04788565000136,INSTITUTO BRASILEIRO DE CIRURGIA OCULAR SC LTDA,23,201505
04792670000149,ASSOCIACAO BENEFICENTE BOM SAMARITANO,41,201505
04801613000189,HOSPITAL MUNICIPAL DE IMPEATRIZ,21,201505
04802138000165,ACAO SOCIAL SOCIEDADE BENEFICENTE SANTO ANTONIO,15,201504
04803609000150,FUNDACAO PRO PINHAIS DE PROMOCAO HUMANA,41,201505
04805882000113,CONSORCIO INTERMUNICIPAL DE SAUDE DO ARAGUAIA,51,201503
04819529000192,CENTRO DE SAUDE DO VALE DO IVAI LTDA,41,201505
04821104000118,CLINICA DE CRIANCAS PIO XII LTDA,15,201505
04878621000123,J S FILHO HOSPITAL LTDA,22,201504
04883018000130,FUNDACAO HARRY GUIDO GREIPEL,41,201505
04885197000225,SMS SECRETARIA MUNICIPAL DE SAUDE,23,201505
04885197000306,SMS SECRETARIA MUNICIPAL DE SAUDE,23,201505
04885197000578,SMS SECRETARIA MUNICIPAL DE SAUDE,23,201505
04885197000659,SMS SECRETARIA MUNICIPAL DE SAUDE,23,201505
04885197000900,SMS SECRETARIA MUNICIPAL DE SAUDE,23,201505
04885197001116,SMS SECRETARIA MUNICIPAL DE SAUDE,23,201505
04885197001205,SMS SECRETARIA MUNICIPAL DE SAUDE,23,201505
04885197001388,SECRETARIA MUNICIPAL DE SAUDE DE FORTALEZA,23,201505
04905188000178,SERVICO MEDICO HOSPITALAR,15,201505
04906860000140,CENTRO MEDICO PEDIATRICO DE ITABUNA LTDA,29,201505
04914206000188,CLINICA PEDIATRICA DO PARA LTDA,15,200801
04914925000280,PREFEITURA MUNICIPAL DE CEREJEIRAS,11,201407
04920607000140,HOSP E MAT BOM JESUS DOS PASSOS LTDA,22,201503
04928075000198,ASSOCIACAO HOSPITALAR COMUNITARIA REGIONAL DE SAUDE,43,201505
04928453000133,POLICLINICA INFANTIL LTDA,15,200801
04928479000181,BENEMERITA SOCIEDADE PORTUGUESA BENEFICENTE DO PARA,15,201505
04929345000185,FUNDACAO SANTA CASA DE MISERICORDIA DO PARA,15,201505
04933933000192,MATERNIDADE DO POVO,15,201505
04933933000273,MATERNIDADE DO POVO,15,200801
04933933000354,MATERNIDADE DO POVO,15,201505
04935409000231,VENERAVEL ORDEM TERCEIRA DE SAO FRANCISCO,15,201505
04938437000121,HOSPITAL INFANTIL SANTA TEREZINHA LTDA,15,201505
04956690000108,FUNDACAO MUNICIPAL DE SAUDE E ASSISTENCIA SOCIAL,31,200801
04959383000180,HOSPITAL DOS SERVIDORES DO ESTADO,15,200801
04965610000180,CAMPINHO E LIMA LTDA,22,201412
04993812000136,HOSPITAL DAS CLINICAS DE ALTAMIRA LTDA,15,201504
04994418000112,ASSOCIACAO HOSPITALAR VILA NOVA,43,201505
04995603000121,PREFEITURA DO MUNICIPIO DE SAO PAULO,35,201302
05001243000168,HOSPITAL E MATERNIDADE JOAO XXIII,15,201505
05001615000156,HOSPITAL E MATERNIDADE DE ANGELI LTDA,15,201504
05009287000134,HOSPITAL E MATERNIDADE NOSSA SENHORA DE NAZARE,15,201505
05012103000195,HOSPITAL SAO VICENTE DE PAULA,31,201505
05015755000183,HOSPITAL DOM BOSCO LTDA,15,201505
05029600000104,ASSOCIACAO GOIANA DE INTEGRALIZACAO E REABILITACAO AGIR,52,201505
05032420000173,QUEIROZ E CIA LTDA,15,200801
05033423000121,AZEVEDO GONCALVES E CUNHA LTDA,15,200801
05043009000101,ASSOCIACAO BENEFICENTE DOM BOSCO,43,201505
05051115000129,CASA DE SAUDE E MATERNIDADE SANTO ANTONIO,15,200801
05054929003990,SECRETARIA EXECUTIVA DE SAUDE PUBLICA,15,201505
05054929005003,SECRETARIA EXECUTIVA DE SAUDE PUBLICA,15,201504
05054929006077,SECRETARIA EXECUTIVA DE SAUDE PUBLICA SESPA,15,201504
05055128000257,UNIVERSIDADE FEDERAL DE CAMPINA GRANDE,25,201505
05095474000188,INSTITUTO SUEL ABUJAMRA,35,201505
05097571000100,HOSPITAL SAO JOAQUIM LTDA,15,200801
05099467000154,CENTRO DE OFTALMOLOGIA TADEU CVINTAL,35,201502
05140009000111,HOSPITAL SAO VICENTE LTDA,15,200801
05167425000103,MAZZAROLO MIKAMI LTDA,41,201505
05180351000145,HOSPITAL DAS CLINICAS DE CAPANEMA LTDA,15,200801
05182084000145,HOSPITAL IMACULADA CONCEICAO LTDA,15,200801
05193057000259,PREFEITURA MUNICIPAL DE PARAGOMINAS,15,201505
05233354000108,FUNDACAO HOSPITAL MUNICIPAL SCHLATTER,43,200901
05245390000183,ASSOCIACAO BENEFICENTE DE ASSISTENCIA SOCIAL N SRA DO PARI,35,201505
05246563000188,ASSOCIACAO BENEF RURALISTA DE ASS MEDICA HOSP DE ANASTACIO,50,201505
05251632000303,PREFEITURA MUNICIPAL DE TUCURUI,15,200801
05251710000108,CENTRO DE ESTUDO DO HOSPITAL MONUMENTO,35,201505
05260481000198,ASSOCIACAO HOSPITALAR SAO VICENTE DE PAULO,31,201407
05261406000141,MED CENTER CLIRCA CLINICA METROPOLITANA SC LTDA,29,200801
05268526000251,INSTITUTO DE SAUDE E GESTAO HOSPITALAR ISGH,23,201505
05268526000766,INSTITUTO DE SAUDE E GESTAO HOSPITALAR ISGH,23,201505
05268526000847,INSTITUTO DE SAUDE E GESTAO HOSPITALAR ISGH,23,201505
05284790000106,N S XAVIER OLIVEIRA,15,201501
05292982000237,FUNDACAO ANTONIO JORGE DINO,21,201505
05296298000223,PREFEITURA MUNICIPAL DE ICATU,21,201505
05301040000197,FUNDACAO DE SAUDE PUBLICA DO MUNICIPIO-SAO GABRIEL DO OESTE,50,200801
05303003000118,BENAS BENEFICENCIA ANILENSE DE ASSISTENCIA MEDICA LTDA,21,200801
05320403000131,HOSPITAL SANTO ANTONIO MARIA ZACCARIA,15,201504
05321575002173,OBRAS SOCIAIS DA DIOCESE DE BRAGANCA,15,201505
05321930000160,CENTRO MEDICO DE MARABA LTDA,15,200801
05341488000215,FUNDACAO DR HOMERO LIMA MENEZES,43,201106
05346364000141,ASSOCIACAO FILANTROPICA IMACULADA CONCEICAO,41,200801
05349675000164,HOSPITAL E MATERNIDADE SANTA LUIZA DE MARILAC,15,201504
05363726000102,HOSPITAL MENINO JESUS LTDA,15,200801
05369194000110,SOMAR SOCIEDADE MEDICA DE ADMINISTRACAO HOSPITALAR,23,200801
05389093000101,HOSPITAL FRANCISCO MAGALHAES,15,201505
05390737000181,HOSPITAL SAO JOSE,15,201505
05392576000165,MATERNIDADE DO POVO DE CASTANHAL,15,200801
05421870000158,HOSPITAL SANTO AGOSTINHO LTDA,15,201501
05453210000159,ASSOCIACAO BENEFICENTE DE RIO NEGRO,50,201505
05455431000166,CASA DE SAUDE NOSSA SENHORA DE FATIMA LTDA EPP,23,201505
05455555000141,ASSOC COMUNIT DE MILAGRES,23,200801
05457329000108,APAMI DE SAO JOSE DO SERIDO,24,200801
05468210000122,CLINICA E PRONTO SOCORRO ALBERTO F LIMA,23,200801
05469172000122,HBA S A ASSISTENCIA MEDICA E HOSPITALAR,29,201505
05486268000107,FUNDACAO SEMMELWEIS,41,201505
05497378000166,ASSOCIACAO BENEFICENTE DE NOVO HORIZONTE DO SUL,50,201505
05499181000166,SERVICOS MEDICOS DE BACABAL LTDA,21,200801
05505334000211,PREFEITURA MUNICIPAL DE GUIMARAES,21,201505
05517794000189,HOSPITAL GERAL DE GUARUS,33,200801
05522917000250,MUNICIPIO DE TERESINA,22,201505
05522917000331,FUNDACAO MUNICIPAL DE SAUDE PARQUE PIAUI,22,201505
05522917000412,FUNDACAO MUNICIPAL DE SAUDEMONTE CASTELO,22,200801
05522917000501,MUNICIPIO DE TERESINA,22,201505
05522917000684,MUNICIPIO DE TERESINA,22,201505
05522917000765,FUNDACAO MUNICIPAL DE SAUDEBUENOS AYRES,22,200801
05522917000846,MUNICIPIO DE TERESINA,22,201505
05522917001494,MUNICIPIO DE TERESINA,22,201505
05522917001575,MUNICIPIO DE TERESINA,22,201505
05522917002113,MUNICIPIO DE TERESINA,22,201505
05522917002202,MUNICIPIO DE TERESINA,22,201505
05537217000159,HAMAMOTO E HAMAMOTO LTDA,41,200801
05545300000170,BARK&BARK,41,200801
05549728000190,COOPERATIVA DE SERVICOS MEDICOS E HOSPITALARES,11,201505
05550451000116,REDE DE ASSISTENCIA A SAUDE METROPOLITANA,41,201505
05572194000113,UROLOGIA E ASSOCIADOS LTDA,52,201505
05613278000158,PRONTOCARDIO SC LTDA,23,201505
05616268000176,UNIDADE DE RETAGUARDA HOSPITALAR FRANCISCO DE ASSIS,35,201505
05620745000177,CENTRO DE OFTALMOLOGIA DO CARIRI,23,200902
05631031000326,FUNDO MUNICIPAL DE SAUDE DE SITIO NOVO,21,201505
05646408000159,ALVES E LESSA LTDA,52,201505
05646807000209,PREFEITURA MUNICIPAL DE VITORIA DO MEARIM,21,201505
05664948000165,ASSOCIACAO DOS AMIGOS DO CHARCOT AAC,35,200801
05664988000298,ASSOCIACAO PRO CIDADANIA DA LAGOA DOS GATOS ASPC,26,201505
05676386000170,ASSOCIACAO LAGUNENSE DE SAUDE,50,201505
05684155000108,VER HOSPITAL DO VITREO E RETINA DE MARINGA SS EPP,41,201505
05689657000121,CLIMEC CLINICA MEDICA E COMERCIO LTDA,15,200801
05718697000154,PREFEITURA MUNICIPAL DE OROS,23,200801
05726336000150,BRITO E BRITO LTDA,15,201504
05730575000183,INSTITUTO HOSPITALAR SANTO ANTONIO,43,200801
05741119000139,HOSPITAL SAO RAFAEL LTDA,27,200801
05746318000130,CLINICA SAO FRANCISCO DE NEURO PSIQUIATRIA,21,201505
05746961000163,CASA DE SAUDE SANTO ANTONIO LTDA,21,200801
05753744000109,ENEIDA FARIAS LTDA,21,200801
05760293000471,SECRETARIA MUNICIPAL DE SAUDE,21,201505
05760293000552,SECRETARIA MUNICIPAL DE SAUDE,21,201505
05760293000633,SECRETARIA MUNICIPAL DE SAUDE,21,201505
05760293000714,SECRETARIA MUNICIPAL DE SAUDE,21,201505
05760293000986,SECRETARIA MUNICIPAL DE SAUDE,21,201505
05760293001362,SECRETARIA MUNICIPAL DE SAUDE,21,201505
05797356000111,FUNDACAO JOSE KEZEN,33,200801
05802800000140,HOSPITAL MUNICIPAL JORGE JULIO COSTA SANTOS,33,200801
05816630000152,BAHIA SECRETARIA DE SAUDE DO ESTADO,29,201505
05819376000146,EYE CLINIC LTDA,29,201505
05825637000130,PREF M MARANGUAPE,23,201505
05826130000100,INSTITUTO OFTALMOLOGICO DE ALAGOAS LTDA,27,201505
05842952000176,CLIPSI SERVICOS HOSPITALARES S S LTDA,25,201505
05866492000116,ASSOCIACAO BENEFICENTE DE SAUDE DO NOROESTE DO PARANA,41,201505
05874946000109,HOSPITAL ANTONIO PRUDENTE LTDA,23,201505
05877609000167,SOCIEDADE BENEFICENTE SANTA HELENA,51,201505
05883350000167,OBRAS SOCIAIS DO CENTRO MEDICO DE GUJARAMIRIM,11,200801
05893631000281,PREFEITURA MUNICIPAL DE GUAJARAMIRIM,11,201412
05961193000160,INSTITUTO NOSSA SENHORA APARECIDA,41,201505
05977636000101,FUNDACAO MEDICA SANTA CECILIA,28,201505
06002372000214,PREFEITURA MUNICIPAL DE ANAJATUBA,21,201505
06003891000205,PREFEITURA MUNICIPAL DE PRESIDENTE JUSCELINO,21,201505
06004265000144,SAJE - SERVICOS HOSPITALARES LTDA,52,200801
06018568000205,HOSPITAL MUNICIPAL RUI BANDEIRA,21,201505
06019110000181,ASSOCIACAO BENEFICENTE SAO FRANCISCO DE ASSIS,41,201505
06034621000172,INSTITUTO DO CORACAO DA CRIANCA E DO ADOLESCENTE,23,200811
06082820000237,PREFEITURA MUNICIPAL DE CAXIAS,21,201505
06104863000276,PREFEITURA MUNICIPAL DE CODO,21,201504
06115117000369,PREFEITURA MUNICIPAL DE PARNARAMA,21,200801
06115976000196,CASA DE SAUDE E MATERNIDADE SAO J0SE LTDA,21,200801
06116461000291,PREFEITURA MUNICIPAL DE ANAPURUS,21,201505
06124739000272,PREFEITURA MUNICIPAL DE PRESIDENTE VARGAS,21,201306
06128938000178,SANTA CASA DE MISERICORDIA DE CURURUPU,21,201505
06151419000201,PREFEITURA MUNICIPAL DE BACURI,21,200801
06153888000189,UNIDADE MISTA N S DAS DORES,27,201505
06155107000195,HOSPITAL DE OLHOS DE APARECIDA DE GYN SS LTDA,52,201505
06157846000205,PREFEITURA MUNICIPAL DE AMARANTE DO MARANHAO,21,201505
06160688000153,CBV CENTRO BRASILEIRO DA VISAO LTDA,53,201505
06160788000180,HOSPITAL SAO FRANCISCO DE ASSIS SAO JOSE DO INHACORA,43,201505
06168092000108,FUNDACAO HOSPITAL ADRIANO JORGE,13,201505
06176599000103,CENTRO DE OLHOS MARANHENSE LTDA,21,201505
06179402000343,FUNDO MUNICIPAL DA SAUDE DE PENALVA,21,200801
06190243000469,PREFEITURA MUNICIPAL DE MONCAO,21,201505
06200745000342,PREFEITURA MUNICIPAL DE PINHEIRO,21,201505
06217817000283,OSB ORGANIZACAO SOCIAL GESTAO E SAUDE,29,201505
06218572000209,PREFEITURA MUNICIPAL DE TUTOIA,21,200801
06222616000274,PREFEITURA MUNICIPAL DE HUMBERTO DE CAMPOS,21,201505
06228368000198,CLINICA PEDIATRICA NOSSA SENHORA DE S S LTDA,15,201307
06233166000134,CENTRO DE EXCELENCIA A ATENCAO GERIATRICA E GERONTOLOGIA,41,201505
06235006000205,PREFEITURA MUNICIPAL DE CEDRAL,21,201505
06240352000281,PREFEITURA MUNICIPAL DE PRIMEIRA CRUZ,21,200801
06272659000183,INSTITUTO MADRE TEREZA DE APOIO A VIDA - IMTAVI,23,200801
06275762000187,SANTA CASA DE MISERICORDIA DO MARANHAO,21,201505
06279103000208,UNIVERSIDADE FEDERAL DO MARANHAO UFMA,21,201505
06305711000150,HOSPITAL E MATERNIDADE SANTA CASA DE UBIRATA,41,201505
06313476000169,MS MUNIZ,15,201312
06333940000189,HOSPITAL ESTRELA DE BELEM LTDA,41,200801
06338602000130,SOCIEDADE MEDICA BALSENSE LTDA,21,201505
06339994000151,INSTITUTO BOM JESUS,41,201505
06342240000231,PREFEITURA MUNICIPAL DE MIRINZAL,21,201408
06351649000133,INSTITUTO MEDICO HOSPITALAR LAGO SUL LTDA,53,200801
06352252000166,INSTITUTO DE REABILITACAO E PREVENCAO EM SAUDE INDAIA,35,201504
06353041000148,SISNOR SISTEMA INTEGRADO DE SAUDE DO NORTE DO PARANA,41,201505
06376974000231,PREFEITURA MUNICIPAL DE JOSELANDIA,21,201505
06403984000138,FUNDACAO HOSPITALAR ANICA GUIMARAES,21,200801
06413934000131,HOSPITAL SAO RAFAEL LTDA,21,201505
06421119000203,PREFEITURA MUNICIPAL DE SAO VICENTE FERRER,21,201505
06460018000233,PREFEITURA MUNICIPAL DE SAO LUIS GONZAGA DO MARANHAO,21,201505
06496111000117,CLINICA LA RAVARDIERE LIMITADA,21,201505
06553564000308,HOSP EST JULIO HARTMAN,22,201505
06553564000480,HOSP REG CHAGAS RODRIGUES,22,201502
06553564000561,HOSP REG DE UNIAO,22,200801
06553564000642,HOSP REG DE CAMPO MAIOR,22,201505
06553564000723,HOSP EST JOSE FURT DE MENDONCA,22,201505
06553564000804,SECRETARIA ESTADUAL DA SAUDE,22,201505
06553564000995,SECRETARIA MUNICIPAL DE SAUDE,22,201505
06553564001100,HOSP REG EUSTAQUIO PORTELA,22,201505
06553564001290,HOSP EST NORBERTO MOURA,22,201505
06553564001371,HOSP REG DEOLINDO COUTO,22,201505
06553564001452,HOSP EST NORBERTO ANGELO PEREIRA,22,200801
06553564001533,HOSP REG SEN DIRCEU ARCOVERDE,22,201505
06553564001703,HOSPITAL REGIONALTERESINHA NUNES DE BARROS,22,201412
06553564001886,HOSP EST DE CANTO DO BURITI,22,201505
06553564001967,SECRETARIA ESTADUAL DE SAUDE,22,201503
06553564002009,HOSP REG SEN C FERRAZ,22,201505
06553564002181,HOSP REG DE BOM JESUS,22,201505
06553564002262,H R DR JOAO PACHECO CAVALCANTE,22,201505
06553564003749,HOSP LOCAL DE LUZILANDIA,22,201505
06553564004125,HOSP LOCAL JULIO B DE MACEDO,22,201505
06553564004478,HOSP LOCAL DE PALMEIRAIS,22,200903
06553564004710,HOSP COLONIA DO CARPINA,22,200801
06553564005288,HOSPITAL LOCAL DR JOSE DE BRITO MAGALHAES,22,201505
06553564005520,PIAUI SECRETARIA DE SAUDEMOCAMBINHO,22,201505
06553564005873,UNID MISTA DR HELVIDIO NUNES,22,200801
06553564006683,UMS D AUGUSTA ARCOVERDE,22,200903
06553564006845,UMS PEDRO LOPES,22,201505
06553564006926,UNID MISTA DE AROAZES,22,201409
06553564007574,UNID MISTA DE ITAINOPOLIS,22,201411
06553564008546,UMS DE PARNAGUA,22,201505
06553564009518,UNIDADE MISTA DE SAUDE DE AVELINO LOPES,22,201505
06553564009860,HOSPITAL AREOLINO DE ABREU,22,201505
06553564009941,HOSPITAL INFANTIL LUCIDIO PORTELLA,22,201505
06553564010281,HOSPITAL REGIONAL JUSTINO LUZ,22,201504
06553564010362,HOSPITAL REGIONAL TIBERIO NUNES,22,201505
06553564010443,HOSPITAL GETULIO VARGAS,22,201505
06553564010605,PIAUI SECRETARIA DE SAUDE,22,201505
06553564010796,INSTITUTO DE DOENCAS TROPICAIS NATAN PORTELLA,22,201505
06553564011334,UMS DE ELIZEU MARTINS,22,200806
06553564015593,PIAUI SECRETARIA DE SAUDE,22,201505
06553846000216,SAO JULIAO PREFEITURA,22,201504
06553887001101,SAO RAIMUNDO MATERNIDADE MUNICIPAL,22,201505
06553929000710,SMS DE PEDRO II,22,201505
06553986000294,HOSPITAL MUNICIPAL JOAQUINA MARQUES,22,200801
06554117000284,LANDRE SALES,22,200801
06554166000136,RIO GRANDE DO PIAUI PREFEITURA,22,201102
06554364000108,UMS DE CRISTINO CASTRO,22,201505
06554448000990,SECRETARIA MUNICIPAL DE SAUDE DE LUIZ CORREIA,22,201505
06554455000216,PREFEITURA MUNICIPAL DE BURITI DOS LOPES,22,200801
06554794000898,INST DE SAUDE JOSE GIL BARBOSA,22,201505
06555031000195,HOSPITAL SAMIU LTDA,22,200801
06578611000106,ASSOCIACAO BENEFICENTE MEDICA DE PAJUCARA,23,201505
06580328000100,SOC HOSPITALAR PADRE DIONISIO,23,201408
06600100000135,CASA DE SAUDE DR SEBASTIAO MARTINS LTDA,22,200801
06618011000116,ASS BENEF ASSIST MED HOSP E AMPARO SOCIAL,22,201503
06701254000113,CASA DE SAUDE E MAT N S DE FATIMA LTDA,22,201505
06705990000140,SOCIEDADE DE PROTECAO A MATERNIDADE E A INFANCIA DE PARNAIBA,22,201505
06706246000160,SANTA CASA DE MISERICORDIA DE PHB,22,201505
06707814000147,HOSPITAL GERAL DE PICOS LTDA,22,200801
06714315000187,JOSE SOLON DE SOUSA,22,200801
06734248000162,JOSE SOARES FILHO CLINICA INFANTIL DE PICOS,22,201504
06738025000173,SOC PROMOCAO ASSIST A FAMILIA,23,201505
06738876000116,POLICLINICA PAZ LTDA,22,201505
06740328000120,SOC MEDICO CIR EMPRESARIAL LTDA,23,201505
06745954000290,SOCIEDADE DE ASSISTENCIA A MATERNIDADE E A INFANCIA DE CEDRO,23,201410
06746713000266,HOSPITAL SAO RAIMUNDO FUNDACAO LEANDRO BEZERRA DE MENEZES,23,201505
06748420000137,SOC CIVIL CASA DA MAE POBRE,23,200801
06768485000144,HOSPITAL SEPAM LTDA,22,200801
06769798000206,PREFEITURA MUNICIPAL DE BARRA DO CORDA,21,201505
06769798000389,PREFEITURA MUNICIPAL DE BARRA DO CORDA,21,201505
06777817000157,CENTRO COMUNITARIO CATOLICO DO ANJO DA GUARDA,21,200801
06787173000188,HOSPITAL E CLINICAS SK STECKELBERG LTDA,53,200801
06795116000140,CLINICA SANTA EDWIGES LTDA,22,201505
06833917000153,CASA DE SAUDE E MATERNIDADE TERESINA LTDA,22,201504
06842470000189,SOCIEDADE DE PROTECAO A MAT E A INFANCIA,22,201505
06846547000199,SANATORIO MEDUNA LTDA,22,200801
06852636000148,CLINICA DE ACIDENTADOS SAO LUCAS LTDA,22,201505
06860506000238,UMS NOSSA SENHORA DO PERPETUO SOCORRO,22,200801
06866078000170,ASSOCIACAO DE PROMOCAO DE SAUDE DO SUDOESTE DO PARANA,41,200801
06870026000177,ASSOCIACAO PIAUIENSE DE COMBATE AO CANCER,22,201505
06873111000199,HOSPITAL SANTA MARIA LTDA,22,200801
06906162000170,SSP RJ HOSPITAL CENTRAL DA POLICIA MILITAR,33,200801
06943723000100,HOSPITAL VITA BATEL SA,41,201308
06958776000103,HOESP ASSOCIACAO BENEFICENTE DE SAUDE DO OESTE DO PARANA,41,201505
06988976000281,PREFEITURA MUNICIPAL DE MAGALHAES DE ALMEIDA,21,201505
07000268000253,PREFEITURA MUNICIPAL DE ACAILANDIA,21,201504
07003288000105,SOC ACARAU DE PROT A MAT E INFANCIA,23,201505
07006760000155,FUNDACAO DE SAUDE E ASSISTENCIA DE TUNTUM,21,200801
07008865000143,HOSPITAL MUNICIPAL DJALMA MARQUES,21,201505
07010077000191,ASSOCIACAO BENEFICIENTE HOSPITAL E MATERNIDADE JULIA BARRETO,23,200801
07018138000167,SOCIEDADE DE ASSISTENCIA AOS CEGOS,23,201505
07038784000196,IEPOM INSTITUICAO DE ENSINO E PESQUISA OFTALMOLOGICA MARINGA,41,201301
07050353000145,CLINICA OLHOS OFTALMOLASER LTDA ME,23,201504
07051643000103,ASSOCIACAO HOSPITALAR DOM JOAQUIM,42,201409
07052462000100,ADAS ADMINISTRACAO ASSIST MEDICA HOSP LTDA EPP,15,201307
07059280001124,HOSPITAL MUNICIPAL DR EUDASIO BARROSO,23,201504
07059280001981,PREF M GRANJA,23,200801
07070735000130,ASSOCIACAO SAN JULIAN AMIGOS E COLABORADORES,41,201505
07080050000175,VISION CLINICA DE OLHOS LIMITADA EPP,13,201505
07088017000191,SOCIEDADE HOSPITALAR ANGELINA CARON,41,200801
07095292000132,ASSOC PROT MAT INF DE CAMOCIM,23,201505
07101447000104,PREF M CAMPOS SALES,23,201103
07101603000129,CLINICA SANTA CLARA LTDA,22,201505
07113558000394,SOC HOSP SAO FRANCISCO CANINDE,23,201505
07126998000467,SISTEMA DE SAUDE VICENTINA MARGARIDA NASEAU,23,201504
07126998000629,SISTEMA DE SAUDE VICENTINA MARGARIDA NASEAU,23,201505
07126998000700,SISTEMA DE SAUDE VICENTINA MARGARIDA NASEAU,23,201505
07138522000101,ASSOC PROT MAT INF DE CAUCAIA,23,200801
07142188000151,SAO FRANCISCO INSTITUTO VIDA,41,201504
07142607000155,ASSOCIACAO DE PROTECAO E ASSISTENCIA A MAT INF DE CEDRO,23,201505
07179096000146,CASA DE SAUDE SANTA TEREZA LTDA,23,201505
07183878000159,EMP L TRABULSI N MENDONCA,21,200904
07194341000194,HOFTALON CENTRO DE ESTUDO E PESQUISA DA VISAO,41,201505
07196241000105,SESCRETARIA DE SAUDE DO ESTADO DA BAHIA,29,200801
07204902000199,SOS SOCORROS MEDICOS,23,200801
07221260000136,CLINICA DE RECUPERACAO E REABILITACAO DE MUTILADOS SC LTDA,23,200801
07227538000182,INSTITUTO DE MEDICINA PSICOSSOMATICA,41,200801
07228703000110,CASA DE SAUDE SAO GERARDO LTDA,23,201505
07230181000191,O F POLO,11,201505
07243265000160,ALLAN HAMILTON DE ARAUJO MELO ME,29,201410
07245269000187,CASA DE SAUDE E MATERNIDADE SAO RAIMUNDO SA,23,200801
07250541000117,CENTRO MEDICO HOSP SANTA ISABEL SC,22,201505
07253784000109,SOCIEDADE DE ASSISTENCIA E PROTECAO A INFANCIA DE FORTALEZA,23,201505
07262066000107,PRONTO SOCORRO PRONTOMEDICO LTDA,23,201505
07263866000134,HOSPITAL BATISTA MEMORIAL,23,201505
07264740000184,CLINICA DE ACIDENTES SA,23,200801
07265515000162,INSTITUTO DO CANCER DO CEARA,23,201505
07271711000140,INSTITUTO DE PSIQUIATRIA DO CEARA LTDA,23,200801
07272297000193,PRONTO SOCORRO DOS ACIDENTADOS LTDA,23,201505
07272636000212,UNIVERSIDADE FEDERAL DO CEARA,23,201505
07272636000301,UNIVERSIDADE FEDERAL DO CEARA,23,201505
07273592000245,IRMANDADE BEN DA SANTA CASA DE MISERICORDIA DE FORTALEZA,23,201505
07275084000115,INSTITUTO CLINICO DE FORTALEZA SOCIEDADE CIVIL LTDA,23,201505
07275753000159,CLINICA DE SAUDE MENTAL DR SULIANO LTDA,23,200801
07277622000453,INSTITUTO FRANCISCO PEREZ,15,201505
07279231000125,INTERVIDA PRESTACAO SERV MEDICOS HOSP LTDA EPP,52,201505
07287865000120,INSTITUICAO ESPIRITA NOSSO LAR,23,201505
07303618000170,CLINICA SANTA MONICA S S LTDA,29,201505
07303837000159,HOSPITAL DE OLHOS LEIRIA DE ANDRADE,23,201505
07309701000156,HOSPITAL PROBEM LTDA,21,201505
07329758000117,HOSPITAL MIRA Y LOPEZ,23,200801
07336084000188,SOC BENEF DE BARREIRA,23,201505
07337331000160,ANTUNES E LIRA,15,201505
07345851000204,CRUZ VERMELHA BRASILEIRA FILIAL DO ESTADO DO RS,42,201203
07354277000161,IGO INSTITUTO DE GINECOLOGIA E OBSTETRICIA LTDA,21,201505
07354350000103,CLINICA SAO SEBASTIAO LTDA,21,201505
07355126000128,SOCIEDADE MEDICO CIRURGICO SAO SEBASTIAO LTDA,23,200801
07363609000174,CASA DE SAUDE NOSSA SENHORA DAS GRACAS,23,201505
07375113000110,ASSOCIACAO COMUNITARIA HOSPITAL NOSSA SENHORA DE LOURDES,43,201505
07388358000182,HOSPITAL REGIONAL MANUEL DE ABREU LTDA,23,200801
07390941000128,CASA DE SAUDE MAT STO ANTONIO LTDA,23,200801
07402410000108,COMPLEXO HOSPITALAR NILTON LINS LTDA,13,201210
07404052000172,CRUZ VERMELHA BRASILEIRA FILIAL DO ESTADO DO PARANA,41,201505
07411705000574,FUNDACAO ANA LIMA,23,201505
07420153000137,ASSOCIACAO HOSPITALAR NOSSA SENHORA DE FATIMA SC,42,201505
07432606000145,MATERCLINICA HOSPITAL E MATERNIDADE LTDA ME,26,201502
07434004000127,SOC ASSIST DE BEBERIBE,23,200801
07442479000165,HOSPITAL DE OLHOS NORTE PIONEIRO S S LTDA,41,201505
07444159000225,POLICIA MILITAR DO PIAUI,22,201505
07451594000104,SOCIEDADE CIVIL MEDICO CIRURGICA,23,200801
07457237000145,ASSOCIACAO DE PROTECAO A MATERNIDADE E A INFANCIA,23,201505
07479678000148,CLINICA DE CORACAO LTDA,22,201505
07495716000156,SOC BENEF NOSSA SENHORA DE LOURDES,23,200801
07498009000113,INSTITUTO DO COMPORTAMENTO INCONS LTDA,21,200801
07503792000166,HOSPITAL MUNICIPAL SAO VICENTE DE PAULO,31,200801
07506752000330,INSTITUTO DE SAUDE E EDUCACAO VIDA,43,201505
07506752000410,INSTITUTO DE SAUDE E EDUCACAO VIDA,43,201504
07506752000500,INSTITUTO DE SAUDE E EDUCACAO VIDA,43,201110
07506752000682,INSTITUTO DE SAUDE E EDUCACAO VIDA,43,201505
07506752000925,INSTITUTO DE SAUDE E EDUCACAO VIDA,43,201505
07506752001301,INSTITUTO DE SAUDE E EDUCACAO VIDA,43,201505
07506752001573,INSTITUTO DE SAUDE E EDUCACAO VIDA UNIDADE RIO MAINA,42,201505
07507205000107,ASSOCIACAO IGUATU ASSIST SOCIAL E PROT A INFANCIA,23,201505
07531080000150,SOC PROT MATERN INFANC DE IPU,23,200801
07578636000164,POLICLINICA DE JUAZEIRO LTDA,23,200801
07591591000249,ASSOCIACAO FILANTROPICA MONTES BELOS SOLIDARIA,52,201505
07597753000175,INSTITUTO DE SAUDE BOM JESUS,41,201505
07598436000173,LIGA DE PROT MAT E INF DE CARIRE,23,200801
07605010000108,HOSPITAL DR HELCIO VALENTIM,31,201505
07609365000167,ASSOC DE PROTECAO E ASSIST MATERNIDAD E INFANCIA DE LAVRAS,23,201505
07624687000185,FUNDACAO DE SAUDE E ASSISTENCIA DE COELHO NETO,21,200801
07640681000100,CONSORCIO INTERMUNICIPAL NA AREA DE SAUDE-CONSAUDE,35,200801
07642390000142,MELO ALVES LTDA,21,201505
07651839000139,ASSOC PROT ASSIST MAT INF MAURITI,23,200801
07677263000189,FUNDACAO SAO LUCAS,23,201503
07678950000119,SISTEMA DE ASSISTENCIA SOCIAL E DE SAUDE SAS,25,201505
07678950000208,SISTEMA DE ASSISTENCIA SOCIAL E DE SAUDE SAS,25,201308
07689270000109,INSTITUTO DE ASSISTENCIA SOCIAL E SAUDE SAO JOSE,41,201505
07698617000171,HOSPITAL MIRASSOL LTDA-ME,51,200801
07718372000105,SOC QUIXADAENSE DE PROT E ASSIST A MAT E A INFANCIA,23,201504
07755928000125,ASSOCIACAO DE SAUDE DE FELIZ,43,201505
07756927000103,ASSOC PROT MAT INF DE REDENCAO,23,201505
07770001000164,HOSPITAL E CASA DE SAUDE DE RUSSAS,23,201505
07774211000120,CENTRO ESPECIALIZADO EM OLHOS LTDA,15,201505
07775847000278,FUNDACAO UNIVERSIDADE FEDERAL DA GRANDE DOURADOS,50,201505
07776237000370,FUNDACAO UNIVERSITARIA EVANGELICA FUNEV,52,201505
07801643000183,HOSPITAL E MATERNIDADE SAO GABRIEL LTDA,41,200801
07806680000184,PREF M BOA VIAGEM,23,200801
07808785000172,HOSPITAL DAS CLINICAS E FRATURAS DO CARIRI CS LTDA,23,200801
07810422000171,ASS BEN AMIGOS HOSPITAL,31,201505
07818313000796,SANTA CASA DE MISERICORDIA DE SOBRAL,23,201505
07819646000144,HOSPITAL E MATERNIDADE MUNICIPAL,15,201412
07822419000178,HOSPITAL MATERNIDADE DE APARECIDA LTDA,15,201108
07835044000180,INSTITUTO DR JOSE FROTA CENTRAL,23,201505
07835044000342,SMS SECRETARIA MUNICIPAL DE SAUDE,23,201505
07868849000120,PRONTO MED SERVICOS MEDICOS LTDA,11,201007
07874357000148,SOC ASSIST PROT MAT INF DE UBAJARA,23,200801
07878385000133,LUIZ FRANCA SERVICOS HOSPITALARES LTDA,23,201505
07883775000100,CASA DE SAUDE E MATERNIDADE NOSSA SENHORA DOS REMEDIOS S C,22,201504
07896397000190,CENTRO MEDICO SAO RAFAEL ME,11,201007
07900968000113,MISERICORDIA DE SAO PEDRO DO IVAI,41,201505
07903021000166,INSTITUTO DA CRIANCA MENINO JESUS DE PRAGA - INCRI,23,200801
07905940000179,INSTITUTO SAGRADO CORACAO DE JESUS,50,201505
07911696000238,PREF M AQUIRAZ,23,201505
07936329000108,INSTITUTO DO CORACAO DO ESTADO DA PARAIBA,25,201505
07947587000190,HOSPITAL DE ILHEUS LTDA,29,201505
07954571001348,HOSPITAL GERAL DA POLICIA MILITAR JOSE MARTINIANO DE ALENCAR,23,201505
07954571001429,SECRETARIA ESTADUAL DE SAUDE DO CEARA,23,201505
07954571002239,SECRETARIA DA SAUDE DO ESTADO DO CEARA,23,201505
07954571003553,SECRETARIA DA SAUDE DO ESTADO DO CEARA,23,201505
07954571003715,SECRETARIA DE SAUDE DO ESTADO DO CEARA,23,201505
07954571003804,SECRETARIA DE SAUDE DO ESTADO DO CEARA,23,201505
07954571003987,SECRETARIA ESTADUAL DE SAUDE DO CEARA,23,201505
07956704000181,HOSPITAL E MATERNIDADE REGIONAL REGENTE FEIJO,35,201505
07961303000110,HOSPITAL GERAL E MATERNIDADE ANGELINE,23,200801
07964977000178,ASSOCIACAO HOSPITALAR ANNES DIAS,43,201505
07974744000156,PRONTO SOCORRO INF DO CARIRI LTDA,23,200801
07981080000152,RUBENS SIMONI E CIA LTDA,41,201106
07981245000196,ASSOCIACAO VT MEDEIROS,15,201504
07990336000198,CENTRO REGIONAL INTEGRADO DE ONCOLOGIA,23,201505
07996965000125,HOSPITAL MUNICIPAL SAO GERALDO,31,201505
08020950000190,ASSOCIACAO DE PROT E ASSIST MAT INF DE ALEXANDRIA,24,201505
08021123000110,ASSOCIACAO DE PROT E ASSIST MAT INF DE ALEXANDRIA,24,201505
08027203000183,INSTITUTO DE MEDICINA PEDIATRICO,24,200801
08041907000100,APAMI DE APODI,24,201505
08069577000161,FUNDACAO HOSPITALAR DR CARLINDO DANTAS,24,201503
08078354000160,APAMI DE PRESIDENTE JUSCELINO,24,200801
08083081000142,APAMI DE AFONSO BEZERRA,24,200801
08083168000110,ASSOCIACAO HOSPITALAR COMUNITARIA DE LIBERATO SALZANO,43,201505
08086225000203,PREFEITURA MUNICIPAL DE EQUADOR,24,201409
08086498000169,APAMI DE JARDIM DO SERIDO,24,201505
08092615000105,ISSAL INSTITUTO DE SAUDE SAO LUCAS,41,201505
08096638000180,SOCIEDADE DE PROTECAO A MATERNIDADE E A INFANCIA DE ACARI,24,201505
08100676001050,HOSPITAL ALVORADA TAGUATINGA LTDA,53,201006
08106379000120,LIGA DE PROT E ASSIST A MAT E A INF DE CRUZETA,24,200801
08109444000171,HOSPITAL OPHIR LOYOLA,15,201505
08116931000161,FUNDACAO ANTONIO FERRAZ,24,201505
08122186000163,APAMI CARNAUBA DOS DANTAS,24,201412
08123408000162,HOSPITAL DA PROVIDENCIA LTDA,26,201505
08135048000119,HOSPITAL PADRE JOAO MARIA E MATERNIDADE ANANILIA REGINA,24,200801
08139573000102,ASSOCIACAO HOSPITALAR TUCUNDUVA E NOVO MACHADO,43,201505
08149288000172,CASA DE SAUDE E MATERNIDADE SANTA CLARA LTDA,26,200801
08151300000183,ASSOC DE PROT E ASSIST A MAT E A INFANCIA DE FLORANIA,24,200801
08151862000127,LIGA DE ASSISTENCIA SOCIAL DE PAU DOS FERROS,24,201503
08160430000182,ASSOCIACAO AMIGOS DO HOSPITAL DONA PAULINA DAMEN KOCKX,31,201503
08168429000102,APAMI DE SAO JOSE DE MIPIBU,24,201410
08202459000180,APAMI DE LAJES,24,201505
08214460000124,HOSPITAL OTOCENTRO DE LONDRINA LTDA,41,201010
08216471000143,SESAB SECRETARIA DA SAUDE DO ESTADO DA BAHIA,29,200801
08220899000160,ASSOCIACAO DOS MUNICIPIOS DO SERIDO,24,200801
08222325000120,APAMI DE MACAU,24,201505
08238016000149,APAMI DE MARTINS,24,200801
08240706000132,ASSOCIACAO BENEFICENTE BOM JESUS LTDA,51,201505
08241754001036,SECRETARIA ESTADUAL DA SAUDE,24,201505
08241754001206,SECRETARIA ESTADUAL DA SAUDE,24,201505
08241754005376,SECRETARIA ESTADUAL DA SAUDE PUBLICA DO RN,24,201505
08241754005708,SECRETARIA DE SAUDE PUBLICA,24,201505
08241754009878,SECRETARIA ESTADUAL DA SAUDE PUBLICA,24,201501
08241754010027,SECRETARIA ESTADUAL DA SAUDE PUBLICA DO RN,24,201505
08241754010299,SECRETARIA ESTADUAL DE SAUDE DO RN,24,201505
08241754010450,SECRETARIA DE SAUDE PUBLICA,24,201505
08241754010531,SECRETARIA DE SAUDE PUBLICA,24,201505
08241754010612,SECRETARIA DA SAUDE PUBLICA,24,201505
08241754010701,SECRETARIA DA SAUDE PUBLICA,24,201505
08241754010884,SECRETARIA ESTADUAL DE SAUDE DO RN,24,201505
08241754010965,RIO GRANDE DO NORTE SECRETARIA DA SAUDE PUBLICA,24,201505
08241754011007,RIO GRANDE DO NORTE SECRETARIA DA SAUDE PUBLICA,24,201505
08241754011180,SECRETARIA ESTADUAL DA SAUDE,24,201505
08241754011260,SECRETARIA ESTADUAL DA SAUDE,24,201505
08241754011503,SECRETARIA ESTADUAL DE SAUDE DO RN,24,201505
08241754011694,SECRETARIA ESTADUAL DA SAUDE PUBLICA,24,201505
08241754011937,SECRETARIA DA SAUDE PUBLICA DO RIO GRANDE DO NORTE,24,201505
08254617000145,CENTRO HOSPITALAR DE MOSSORO SA,24,200801
08256158000139,SOCIEDADE HOSPITAL DE CARIDADE DE MOSSORO,24,200801
08256240000163,ASSOCIACAO DE PROT E ASSIST A MATERNIDADE E A INF DE MOSSORO,24,201505
08285710000117,INSTITUTO DE TRAUMATOLOGIA E ORTOPEDIA DO RN LTDA,24,200801
08290967000167,HOSPITAL SANTA LUCIA,25,200801
08293185000262,DIRETORIA SPM HOSPITAL DA POLICIA MILITAR,24,200801
08318339000142,ASSOCIACAO DE PROT E ASSIST A MATERN E A INF DE UMARIZAL,24,200801
08325231000187,INSTITUTO SAUDE SANTA CLARA,41,201505
08327108000103,HOSPITAL MEDICO CIRURGICO SA,24,201505
08337586000196,INSTITUTO DE PROTECAO E ASSISTENCIA A INFANCIA DO RN,24,201505
08383606000165,SERVICOS DE ASSISTENCIA MEDICO CIRURGICA LTDA,24,200801
08423758000144,CASA DE SAUDE PETROPOLIS,24,200801
08428765000309,LIGA NORTERIOGRANDENSE CONTRA O CANCER,24,201505
08430225000190,CLINICA SANTA MARIA LTDA,24,200801
08464166000170,APAMI DE PARELHAS,24,201505
08470568000269,FIDELIS E CALISTER LTDA,29,201002
08470718000153,APAMI DE JOAO CAMARA,24,200801
08473435000165,ASSOCIACAO HOSPITALAR BENEFICIENTE SANTA TERESINHA,43,201005
08477705000106,APAMI DE PATU,24,200801
08488413000179,APAMI DE MARCELINO VIEIRA,24,201505
08515025000130,HOSPITAL MATERNIDADE DR ANTONIO MARTINS,24,201505
08525008000183,POLICLINICA DO ASSU LTDA,24,201412
08526006000109,HOSPITAL PEDRO I,25,200801
08538233000154,APAMI DE SAO JOAO DO SABUGI,24,200801
08545865000145,ASSOC. ASSIST. PROTECAO A MATERNIDADE E A INFANCIA - APAMI,24,200801
08560393000108,ASSOC DE PROTECAO E ASSISTENCIA A MAT E A INFANCIA APAMI,24,200801
08562523000133,HSCOR SERVICO DE HEMODINAMICA DE DUQUE DE CAXIAS,33,201505
08579164000127,ASSOCIACAO HOSPITALAR BENEFICIENTE SANTO ANTONIO,43,201505
08580623000192,APAMI ASSOCIACAO DE PROT E ASSIST A MAT E A INFANCIA,24,200801
08581140000102,ENZO NAPOLI HAMAMOTO HOSPITAL,41,200808
08584781000110,ASSOC DE PROT A MATERNIDADE E A INF DE S NEGRA DO NORTE,24,201505
08587099000262,SOCIEDADE PROFESSOR HEITOR CARRILHO,24,201505
08610339000111,CLINICA INFANTIL AMAI LTDA,27,201505
08636725000182,ASSOCIACAO HOSPITALAR DE CARIDADE SERRO AZUL,43,201505
08667206000181,INSTITUTO SAO JOSE,25,201505
08672891000134,CASA DE SAUDE NOSSA SENHORA DE FATIMA,25,200801
08680639000339,UNIMED JOAO PESSOA COOPERATIVA DE TRABALHO MEDICO,25,200801
08740466000305,MUNICIPIO DE PEDRA LAVRADA,25,201505
08772847000287,ASSOCIACAO HUMANITARIA BENEFICENTE DO RECIFE,26,201505
08776971000210,INSTITUTO SANTE,42,201505
08778268000241,SECRETARIA DE ESTADO DE SAUDE,25,201505
08778268000403,SECRETARIA ESTADUAL DE SAUDE,25,201504
08778268000594,SECRETARIA DE SAUDE DO ESTADO,25,201505
08778268000675,SECRETARIA DO ESTADO DA SAUDE,25,201505
08778268001051,SECRETARIA DE ESTADO DA SAUDE,25,201505
08778268001132,SECRETARIA DE ESTADO DE SAUDE,25,201505
08778268001213,SECRETARIA DE ESTADO DE SAUDE,25,201505
08778268001566,SECRETARIA DO ESTADO DE SAUDE,25,201505
08778268001728,SECRETARIA DE ESTADO DA SAUDE,25,201503
08778268001809,SECRETARIA ESTADUAL DA SAUDE,25,201505
08778268002023,PREFEITURA MUNICIPAL DE CAJAZEIRAS,25,200801
08778268002295,SECRETARIA DE ESTADO DA SAUDE,25,201503
08778268002376,SECRETARIA DE ESTADO DA SAUDE,25,201503
08778268002457,SECRETARIA DE ESTADO DA SAUDE SES,25,201505
08778268002708,SECRETARIA ESTADUAL DE SAUDE,25,201504
08778268003267,SECRETARIA DE ESTADO DA SAUDE,25,200801
08778268003348,COMPLEXO DE SAUDE CRUZ DAS ARMAS,25,201505
08778268003500,SECRETARIA DE ESTADO DA SAUDE,25,200801
08778268003690,PARAIBA SECRETARIA DA SAUDE,25,201505
08778268003771,PARAIBA SECRETARIA DE SAUDE,25,201505
08778268003852,PARAIBA SECRETARIA DA SAUDE,25,201505
08778268003933,SECRETARIA DE ESTADO DA SAUDE,25,201505
08778268004239,SECRETARIA DE ESTADO DA SAUDE,25,200801
08778268004743,HOSPITAL GERAL DE ITAPOROROCA PREF JOSE FELIX DE BRITO,25,201505
08799586000108,NEFROLOGISTAS ASSOCIADOS S S LTDA,52,201310
08810004000147,ASSOCIACAO DE AMPARO A MATERNIDADE TIBURCIO VOLIVEIRA,25,201505
08827069000103,ACO ASSOCIACAO BENEFICENTE COSTA OESTE,41,201505
08828617000101,ASSOCIACAO DE SAUDE FREDERICO KECHE VIRMOND,41,201505
08830721000130,INSTITUTO NEUROPSIQUIATRICO DE CAMPINA GRANDE SC LTDA,25,201505
08834137000153,HOSPITAL ANTONIO TARGINO LTDA,25,201505
08841421000157,FUNDACAO ASSISTENCIAL DA PARAIBA,25,201505
08852998000164,INSTITUTO DE TISIOLOGIA E PNEUMOLOGIA DE C GRANDE LTDA,25,200801
08853496000158,INSTITUTO DR FEITOSA,41,201505
08867144000151,HOSPITAL MUNICIPAL PEDRO VICENTE DA SILVA,22,201505
08883024000148,CASA DE SAUDE E MATERNIDADE FREI GALVAO LTDA,32,200801
08888967000163,FUNDO MUNICIPAL DE SAUDE DE CRUZEIRO DO OESTE,41,201505
08891137000195,ASSOCIACAO DE PROTECAO A INF DE S MANGUEIRA,25,200801
08898124000571,HOSPITAL E MATERNIDADE M N S ROSARIO,25,200801
08900268000191,ASS DE PROTECAO A MAT E ASSIST A INF DE CAAPORA,25,201505
08907537000141,FUNDACAO SANTA CECILIA,25,200801
08911792000168,CMC CENTRAL MEDICA CASCAVEL LTDA,41,201505
08921876000697,PREFEITURA MUNICIPAL DE RIACHO DOS CAVALOS,25,200801
08922684000190,ASSOCIACAO PROT A MAT E A INFANCIA,25,201505
08924029000252,HOSPITAL MUNICIPAL CAPITAO JOAO DANTAS ROTHEA,25,201504
08933601000169,ASSISTENCIA VICENTINA IMACULADA CONCEICAO,35,201505
08943130000170,FUNDACAO HOSPITALAR SAO JOSE,43,201308
08944068000130,ASSOCIACAO DE PROTECAO A MATERNIDADE E INFANCIA,25,200801
08948366000107,PRONTO SOCORRO DO CORACAO E PULMAO LTDA,25,200801
08948912000100,CERSOSIMO E VRIESMAN LTDA,41,201505
08999674000668,HOSPITAL M MATERNO INFANTIL DR ANTONIO DE PAIVA GADELHA,25,201504
08999690000146,PREFEITURA MUN DE SANTA CRUZ,25,201206
08999716000580,HOSPITAL E MATERNIDADE NOSSA SENHORA DO CARMO,25,201505
09007675000137,CASA DE SAUDE E MATERNIDADE SAO FRANCISCO DE ASSIS,25,201503
09013271000156,ASSIST MED HOSPITALAR LTDA,52,201505
09030263000118,CASA DE SAUDE E MATERNIDADE SENHORA DA LUZ LTDA,25,200801
09032632000101,SOCEIDADE BENEFICENTE SANTA TEREZINHA,26,200801
09055245000190,SOCIEDADE MANT HOSP R MAT SAO VICENTE E PAULA,25,201501
09079567000170,MATERNIDADE JUSTINIANA BARBOSA,24,200801
09086000000120,FUNDACAO ASSISTENCIAL E HOSPITALAR DE SAO JOSE DE PIRANHAS,25,201505
09096181000176,INSTITUTO DE PSIQUIATRIA DA PARAIBA LTDA,25,201505
09096207000186,PRONTO SOCORRO INFANTIL RODRIGUES DE AGUIAR,25,201505
09107623000132,SOCIEDADE HOSPITALAR BENEFICENTE MARIA VITORIA,26,201505
09108614000166,CASA DE SAUDE SAO PEDRO,25,200801
09112236000194,HOSPITAL NAPOLEAO LAUREANO MANTIDO PELA FUND LAUREANO,25,201505
09114364000177,HOSPITAL INFANTIL DR JOAO SOARES,25,200801
09114612000180,HOSPITAL SAO LUIZ LTDA,25,201505
09121674000119,INSTITUTO DE PNEUMOLOGIA DA PARAIBA,25,200801
09124165000140,INSTITUTO WALFREDO GUEDES PEREIRA,25,201505
09125576000150,PRONTO SOCORRO CARDIOLOGICO LTDA,25,200801
09127333000150,ASSISTENCIA MEDICA INFANTIL DA PARAIBA LTDA,25,201505
09138615000153,CLINICA DE OLHOS DA AMAZONIA LTDA ME,15,201410
09152345000135,FUNDACAO HOSPITALAR DR MOISES MAGALHAES FREIRE,31,201505
09195308000104,CAMI CENTRO DE ATENCAO MEDICA INFANTIL,29,201505
09198342000132,ASSOCIACAO DE PROTE MATCACHOEIRA DOS INDIOS,25,200801
09200064000100,ASS DE PROTECAO A MATERNIDADE E ASSISTENCIA A INFANCIA,25,200801
09217985000186,FUNDACAO ASSISTENCIAL E HOSPITALAR DE JUAZEIRINHO,25,201408
09227935000180,FUND A HOSP T RURAL IGARACY,25,200801
09239385000119,SOCIEDADE OBSTETRICA CIRURGICA E GINECOLOGICA LTDA SOCIGINE,25,201304
09239906000138,PRONTO SOCORRO DE FRATURAS DE GUARABIRA,25,201502
09242595000166,FUNDACAO MEDICA HOSPITALAR DE SOLEDADE,25,200801
09245424000190,CLINICA PSIQUIATRICA E PSICOLOGICA DE CAJAZEIRAS LTDA,25,201411
09250028000151,HOSPITAL SANTA PAULA LTDA,25,200801
09281224000193,FUNDACAO HOSPITALAR MUNICIPAL JOAO HENRIQUE,31,201505
09291054000128,HOSPITAL DE OLHOS DE CONQUISTA LTDA,29,201504
09297961000184,SOCIEDADE HOSPITALAR GADELHA DE OLIVEIRA LTDA,25,201101
09303124000110,ASSOCIACAO BENEFICENTE ASS MAT INFANCIA,25,201505
09314039000158,IOFAL SERVICOS MEDICOS HOSPITALARES LTDA,27,200904
09317181000159,FUNDACAO MANOEL VITORIANO DE FREITAS,25,200801
09338617000196,FUNDACAO MARTA RIBEIRO COUTINHO,25,200801
09364737000168,ASSOCIACAO SOCIAL AMIGOS DA SOLIDARIEDADE ASAS,51,201505
09367238000124,NUCLEO DE MEDICINA DA BAHIA LTDA,29,201505
09377417000142,HOSPITAL MAT JOAO BATISTA DE CARVALHO LTDA,25,200801
09379157000144,CLINICA DE OLHOS FRANCISCO PINTO LTDA,25,201411
09394396000173,APAMI DE AUGUSTO SEVERO,24,201004
09395377000161,CASA SAUDE MATERNIDADE STA RITA DE CASSIA LTDA,25,200801
09398447000135,CLINICA PEDRO CAVALCANTI LTDA,24,201401
09409705000131,HOSPITAL SAO THIAGO LTDA,26,201302
09415258000123,PRONTOCLINICA DE OLHOS LTDA,24,200801
09417742000191,PRONTOCLINICA DA CRIANCA LTDA,24,201505
09433715000102,FUNDACAO GOVERNADOR FLAVIO RIBEIRO COUTINHO,25,201505
09434101000145,HOSPITAL E PRONTO SOCORRO INFANTIL SANTA RITA LTDA,25,200801
09473029000165,SOCIEDADE HOSPITALAR ITAPIRANGA LTDA,42,201505
09501255000102,CENTRO DE OFTALMOLOGIA SC LTDA,23,201005
09522483000169,SOCIEDADE MEDICA CIRURGICA DESEMB HERMES PARAYBA LTDA,23,201505
09528436000122,ASSOCIACAO BENEFICENTE HOSPITAL UNIVERSITARIO,35,201505
09535935000147,HOSPITAL GERAL DE CLINICAS LTDA,15,201103
09561263000144,COMANDO MILITAR DA AMAZONIA 12 REGIAO MILITAR,13,201412
09576312000112,FUNDACAO HOSPITALAR DE BOA VISTA DA APARECIDA,41,201202
09623258000119,COMANDO 12 REGIAO MILITAR,13,201503
09734237000170,AIDA DE ANDRADE LIMA RABELLO,26,200801
09778077000161,CASA DE SAUDE JOAO ALFREDO LTDA,26,200801
09794975000707,SECRETARIA DE SAUDE,26,201505
09794975001185,SECRETARIA DE SAUDE,26,201505
09794975002238,SECRETARIA DE SAUDE,26,201505
09794975011229,SECRETARIA DE SAUDE,26,201505
09794975013272,SECRETARIA DE SAUDE,26,201505
09794975013353,SECRETARIA DE SAUDE,26,201505
09794975016611,FUNDACAO DE SAUDE AMAURY DE MEDEIROS,26,200801
09794975017340,SECRETARIA DE SAUDE,26,201505
09794975018908,SECRETARIA DE SAUDE,26,201505
09794975020643,SECRETARIA DE SAUDE,26,201505
09794975022263,PERNAMBUCO SECRETARIA DE SAUDE,26,201505
09794975022930,SECRETARIA DE SAUDE,26,201505
09985342000182,HOSPITAL DAS CLINICAS DO CARPINA,26,201505
10001295000174,CLINICA PSIQUIATRICA DE CARUARU LTDA,26,200801
10016141000156,ASSOCIACAO DOUGLAS BRAUN,15,201504
10070258000118,PRONTO SOCORRO DE CARDIOLOGIA DE CARUARU LTDA,26,200904
10072296000371,INSTITUTO ALCIDES DANDRADE LIMA,26,201505
10072296000452,INSTITUTO ALCIDES D ANDRADE LIMA,26,201505
10072296000533,INSTITUTO ALCIDES DANDRADE LIMA,26,201505
10143737000117,HOSPITAL DA VISAO DO PARANA LTDA,41,201505
10159361000139,FERREIRA FILHO CLINICA MEDICA LTDA,29,201505
10168094000166,CASA DE SAUDE E MATERNIDADE NOSSA SENHORA DE FATIMA,26,201505
10216398000151,HOSPITAL E MATERNIDADE SAO VICENTE,15,201505
10217271000157,ASSOCIACAO SANTA CASA DE OBIDOS,15,201505
10231967000138,CLINIFARMA SERVICOS E FARMACEUTICOS LTDA,15,200801
10241503000102,HOSPITAL INFANTIL PALMIRA SALES,26,201505
10246288000132,LUIZ LEITE DE OLIVEIRA FILHO,15,200801
10248599000130,CASA DE SAUDE E MATER N SRA DO PERPETUO SOCORRO LTDA,26,201505
10249381000281,PREFEITURA MUL DE SANTA MARIA DAS BARREIRAS,15,201505
10280543000163,CASA DE SAUDE E MATERNIDADE SAO VICENTE,26,201505
10280543000244,CLINICA PSIQUIATRICA SAO VICENTE LTDA,26,201505
10424628000178,MARCANTE REBESCHINI E CIA LTDA,41,201505
10435212000155,HOSPITAL MATERNIDADE SAO GERALDO LTDA,21,200801
10436979000280,FUNDACAO HOSPITALAR DE SAUDE,28,201307
10436979000875,FUNDACAO HOSPITALAR DE SAUDE,28,201307
10436979001090,FUNDACAO HOSPITALAR DE SAUDE,28,201307
10436979001170,FUNDACAO HOSPITALAR DE SAUDE,28,201307
10436979001251,FUNDACAO HOSPITALAR DE SAUDE,28,201306
10436979001332,FUNDACAO HOSPITALAR DE SAUDE,28,201308
10436979001502,FUNDACAO HOSPITALAR DE SAUDE,28,201308
10443430000131,SOCIEDADE MEDICO HOSPITALAR NOSSA SENHORA DE LOURDES LTDA,26,201505
10462736000135,INSTITUTO DE EDUCACAO SAUDE E TECNOLOGIA IEST,29,201303
10464517000195,HOLP HOSPITAL DE OLHOS LOUIS PASTEUR,29,201404
10498663000131,SAUDE CENTER HOSPITAL E MATERNIDADE LTDA,15,201505
10504843000189,CASA DE SAUDE E MATERNIDADE DE LIMOEIRO,26,201505
10543007000103,CASA DE SAUDE E MATERNIDADE DR GRIMAURO FRAGA LTDA,26,200801
10572048000209,SECRETARIA DE SAUDE,26,201505
10572048000390,SECRETARIA DE SAUDE,26,201505
10572048000470,SECRETARIA DE SAUDE,26,201505
10572048000551,SECRETARIA DE SAUDE,26,201505
10572048000632,SECRETARIA DE SAUDE,26,201505
10572048000713,SECRETARIA DE SAUDE,26,201505
10572048000802,SECRETARIA DE SAUDE,26,201505
10572048000985,SECRETARIA DE SAUDE,26,201505
10572048001442,SECRETARIA DE SAUDE,26,201505
10572048001523,SECRETARIA DE SAUDE,26,201505
10572048002171,SECRETARIA DE SAUDE,26,201505
10572048002686,SECRETARIA DE SAUDE,26,201505
10572048003658,SECRETARIA DE SAUDE,26,201505
10572048003739,SECRETARIA DE SAUDE,26,201504
10580952000185,UNID MISTA DE SAUDE JOSIAS CARVALHO,22,201505
10583920000133,HOSPITAL DO TRICENTENARIO,26,201505
10585039000171,ORGANIZACAO SAO LUCAS,41,201505
10588424000172,SANATORIO PSIQUIATRICO DE RECUPERACAO LTDA,26,201505
10605798000159,CIRCULO DE TRABALHADORES CRISTAOS DE OROBO,26,201505
10623536000117,CENTRO HOSPITALAR MENINO JESUS,26,201505
10648327000128,HOSPITAL GERAL DE PAUDALHO,26,200801
10658920000155,HOSPITAL CENTRAL DE PAULISTA,26,201504
10660736000140,SOCIEDADE HOSPITALAR SAO JOSE LTDA,26,200801
10661759000179,HOSPITAL PSQUIATRICO DO PAULISTA S A,26,200801
10666439000101,CENTRO OFTALMOLOGICO DE REFERENCIA LTDA,35,201308
10667814000138,FUNDACAO ALTINO VENTURA,26,201505
10678790000112,HOSPITAL MODELO DE ANANINDEUA LTDA,15,201505
10699965000178,FUNDACAO BENEFICENTE LINDOLFO FERNANDES DOS SANTOS,24,201505
10706266000370,AMBAR SAUDE,31,201505
10710564000171,CENTRO HOSPITALAR DE PESQUEIRA LTDA,26,201503
10727279000163,ASSOCIACAO COMUNITARIA DE FLORANIA,24,201309
10727444000187,APAMI DE CAMPO REDONDO,24,200801
10739225000118,INSTITUTO SOCIAL DAS MEDIANEIRAS DA PAZ,26,201505
10750859000171,SOCIEDADE CASA DE SAUDE MATERNIDADE N SENHORA DE FATIMA,26,200801
10793027000132,OXTAL MEDICINA INTERNA E TERAPIA INTENSIVA,53,201505
10848190000155,HOSPITAL DA POLICIA MILITAR GENERAL EDSON RAMALHO,25,201505
10853927000128,FUNDACAO MED.ASS.DOS BENEFICIARIOS DA PREV.SOC.,25,200801
10856433000105,SANATORIO RECIFE LTDA,26,200801
10867687000110,CLINICA ORTOPEDICA E TRAUMATOLOGICA DE NATA LTDA,24,201505
10869782000404,SANTA CASA DE MISERICORDIA DO RECIFE,26,201505
10882132000148,CLINICA PSIQUIATRICA SANTO ANTONIO LTDA,26,200801
10886026000132,INSTITUTO DA CRIANCA DE ALAGOAS LTDA,27,200801
10889442000194,SEMEP SERVICOS MEDICOS DE PENEDO LTDA,27,200801
10892164000124,REAL HOSPITAL PORTUGUES DE BENEFICIENCIA EM PE,26,201505
10896819000132,ASSOCIACAO SAO JOAO DA ESCOCIA,26,200801
10905094000100,CEHOSP CENTRAL DE EMERGENCIA HOSPITALAR LTDA ME,27,201312
10930451001153,CASA DE SAUDE E MATERNIDADE SANTA HELENA LTDA,26,200801
10978838000108,SECRETARIA DE ESTADO DA SAUDE DO MARANHAO,21,201505
10981529000197,GERD TREITINGER E CIA LTDA,41,201505
10984508000125,INSTITUTO DE PSIQUIATRIA DO RECIFE,26,200801
10988301000129,INSTITUTO DE MEDICINA INTEGRAL PROF FERNANDO FIGUEIRA,26,201505
10990934000171,ASSOCIACAO FRIEDRICH E INGRUN SEYBOTH FILADELFIA,41,201505
10992824000149,CLINICA MEDICA GERAL DE SIMOES LTDA,22,201505
11005774000121,HOSPITAL PSIQUIATRICO DE PERNAMBUCO LTDA,26,200801
11015716000189,CASA DE SAUDE E MATERNIDADE DE ALDEIAS ALTAS LTDA,21,201302
11022597001244,CENTRO INTEGRADO DE SAUDE AMAURI DE MEDEIROS CISAM,26,201505
11022597001325,HOSPITAL UNIVERSITARIO OSWALDO CRUZ,26,201505
11022597001597,PRONTO SOCORRO CARDIOLOGICO DE PERNAMBUCO,26,201505
11055682000156,FUNDACAO DE SAUDE PUBLICA DE NOVO HAMBURGO FSNH,43,201505
11058618000129,INSTITUTO DE TERAPIA INTENSIVA E SERVICOS MEDICO HOSP LTDA,53,201407
11096423000173,HOSPITAL BAIA SUL,42,201504
11108871000140,BRITO E MACIEL MEDICOS ASSOCIADOS LTDA,52,201505
11259289000184,PREFEITURA MUNICIPAL DE SAO BRAS,27,201005
11266993000164,PREFEITURA MUNICIPAL DE TOCANTINOPOLIS,17,201103
11285282000137,FUNDACAO ESTATAL DE SAUDE DO PANTANAL,50,201505
11286598000143,ASSOCIACAO DE PROT E ASSIST A MAT E A INF DE SIRINHAEM,26,200801
11293929000172,ASSOCIACAO HOSPITALAR DE OUROESTE,35,201503
11294402000243,PREFEITURA MUNICIPAL DO CABO DE SANTO AGOSTINHO,26,201505
11351301000186,PRONTO SOCORRO SAO FRANCISCO LTDA,26,201505
11367141000163,FARIAS BATISTA LTDA,26,201505
11400405000133,PRONTO SOCORRO DE TRAUMATOLOGIA DE CARUARU,26,200801
11403094000166,CASA DE SAUDE SANTA EFIGENIA LTDA,26,201505
11417649000129,ASSOCIACAO DE PROTECAO A MATERNIDADE E A INF DE BREJINHO,26,201505
11432480000186,PREFEITURA MUNICIPAL DE GOIATINS,17,201103
11452240000305,ORGANIZACAO HOSPITALAR DE PERNAMBUCO LTA,26,200801
11469145000152,J MOURA SOARES LTDA SC,26,201505
11476660000160,ASSOCIACAO DE PROT E ASSIST A MATERN E INFANCIA DE BUIQUE,26,201505
11509468000122,COMPLEXO HOSPITALAR HLI LTDA ME ME,14,201505
11528147000175,GRUPO G 7 ADM HOSPITALAR SS,52,201505
11620088000160,SECRETARIA DE ESTADO DA SAUDE DO MARANHAO,21,201505
11638194000171,CLINICA SANTA MARTA,22,201505
11659651000104,HOSPITAL DIA DE OFTALMOLOGIA LTDA,42,201502
11683042000190,UNIAO BENEFICENTE DOS TRABALHADORES DO MORENO,26,201505
11683174000112,ASSDE PROT A MAT E A INFANCIA DE VITORIA DE STO ANTAO,26,201505
11705795000150,HOSPITAL GERAL DE CAMARAGIBE LTDA,26,200801
11719465000113,CASA DE SAUDE E MATERNIDADE CLOTILDE SOUTO MAIOR,26,201505
11719614000144,JOSE ALVES DE CARVALHO NUNES,26,200801
11729421000174,INSTITUTO DA MULHER DONA LINDU,13,201505
11737272000195,PREFEITURA MUNICIPAL DE FRANCO DA ROCHA,35,201410
11774775000130,ANTONIO GOMES DE AZEVEDO,21,200801
11790136000169,ASSOCIACAO DE PROTECAO A MATERNIDADE E INFANCIA,21,201202
11794674000121,HOSPITAL SAO CARLOS LTDA,23,201505
11812443000101,INSTITUTO JOAO FERREIRA LIMA,26,201505
11822574000161,PREF M PENTECOSTE,23,200801
11866365000110,CENTRO HOSPITALAR SANTA MARIA,26,201505
11867413000194,SOCIEDADE MEDICA DA VITORIA,26,201505
11867413000275,SOCIEDADE MEDICA DA VITORIA,26,201504
11913577000100,SECRETARIA MUNICIPAL DE SAUDE,11,201105
11924693000125,HOSPITAL JOSE ALBERTO MAIA LTDA,26,200801
11943553000102,SECRETARIA DA SAUDE DO ESTADO DA BAHIA SESAB,29,201202
11947082000100,CASA DE SAUDE E MATERNIDADE SANTA IZABEL,26,200801
12066486000140,MATERNIDADE E CASA DE SAUDE SAO JOSE LTDA,22,201504
12081329000103,PREFEITURA MUNICIPAL DE RIACHAO,21,201505
12081691000265,PREFEITURA MUNICIPAL DE CAROLINA,21,201505
12095899000152,ASSOCIACAO DE SAUDE E ASSISTENCIA A MATERNIDADE E INFANCIA,21,200801
12100707000159,FUNDACAO MATERNIDADE ANTENOR FREITAS ABREU,21,200801
12134383000170,ROSEMAN SOARES MAMEDE,21,200801
12153623000183,HOSPITAL INFANTIL E MATERNIDADE DARCY VARGAS,27,200801
12156837000103,MEIOS DE PROMOCAO DE SAUDE LTDA,26,201504
12158614000185,HOSPITAL SANTA NEUSA LTDA,21,201505
12160289000195,PREFEITURA MUNICIPAL DE CAROLINA,21,200801
12160545000144,CASA DE SAUDE E MAT N SRA DE FATIMA LTDA,27,201505
12171534000160,CASA DE SAUDE E MATERNIDADE AFRA BARBOSA LTDA,27,201505
12174223000154,ASSOCIACAO BENEFICIENTE DA COMUNIDADE LUZILANDENSE,22,201502
12181962000173,SOCIEDADE SIMPLES GRUPO DE URGENCIA E RECUPERACAO INF LTDA,27,200801
12186367000120,HOSPITAL ORTOPEDCO DE MACEIO,27,201505
12200259000246,SECRETARIA DE ESTADO DA SAUDE FES,27,201505
12200259000408,SECRETARIA DE ESTADO DA SAUDE FES,27,201505
12200259000912,SECRETARIA DE ESTADO DA SAUDE FES,27,201505
12200259001137,SECRETARIA DE ESTADO DA SAUDE FES,27,201501
12200259001218,SECRETARIA DE ESTADO DA SAUDE FES,27,201505
12200259001307,UNIDADE DR CARLOS GOMES DE BARROS,27,200801
12200259001560,SECRETARIA DE ESTADO DA SAUDE FES,27,201505
12200259001641,SECRETARIA DE ESTADO DA SAUDE FES,27,201505
12209664000144,CLINICA DR JOSE NILSON SC LTDA,23,201505
12272795000176,ORGANIZACAO HOSPITALAR ALAGOANA LTDA,27,201505
12277315000160,CLINICA SANTA JULIANA SC LTDA,27,201505
12281036000170,SC CLINICA DE REPOUSO DR JOSE LOPES DE MENDONCA,27,201505
12291290000159,FUNDACAO HOSPITAL DA AGRO IND DE ACUCAR E O ALCOOL DE AL,27,201505
12291423000197,CLINICA INFANTIL DE MACEIO SOCIEDADE CIVIL LTDA,27,200801
12301131000198,ORGANIZACAO DE ASSISTENCIA NEURO PSIQUIATRICA ORGANEP LTDA,27,201505
12303269000126,ORGANIZACAO MEDICO HOSPITALAR DE ALAGOAS ORGAMEDAL,27,201505
12303483000182,CLINICA DE FRATURAS E REABILITACAO DE MACEIO LTDA.,27,200801
12304275000106,CLINICA INFANTIL SANTA TEREZINHA,27,200801
12305371000160,HOSPITAL DE OLHOS SANTA LUZIA LTDA,27,201504
12307187000150,SANTA CASA DE MISERICORDIA DE MACEIO,27,201505
12307187000230,SANTA CASA DE MISERICORDIA DE MACEIO,27,201505
12310579000178,LIGA ALAGOANA CONTRA A TUBERCULOSE,27,201505
12314720000100,CLINICA INFANTIL SANTA MARIA SOCIEDADE CIVIL LTDA,27,201505
12319539000197,HOSPITAL DAS CLINICAS DE ESPERANTINA LTDA,22,200801
12383538000101,HOSPITAL GERAL DAGOBERTO UCHOA LOPES DE OMENA,27,201505
12383618000167,SOC DE CONF DE SAO VICENTE DE PAULO E MATERNIDADE ST CAR,27,201505
12474672000118,PREF M PARAMBU,23,201503
12474705000120,HOSPITAL DAS CLINICAS DA FACULDADE DE MEDICINA DE BOTUCATU,35,201505
12484945000105,HOSPITAL GERAL DE JATI SC LTDA,23,200801
12509238000126,SOCIEDADE BENEFICIENTE DE PALMEIRA DOS INDIOS,27,201505
12511093000289,PREFEITURA MUNICIPAL DE NOVA OLINDA DO MARANHAO,21,201505
12517793000604,UNIVERSIDADE ESTADUAL DE CIENCIAS DA SAUDE DE ALAGOAS,27,201505
12517793000876,UNIVERSIDADE ESTADUAL DE CIENCIAS DA SAUDE DE ALAGOAS,27,201505
12517793000957,UNIVERSIDADE ESTADUAL DE CIENCIAS DA SAUDE DE ALAGOAS,27,201505
12526083000136,POLICLINICA MAE SANTINHA,21,200801
12542999000180,SANTA CASA DE MISERICORDIA IRMANDADE GARCIA,27,201505
12553806000277,PREFEITURA MUNICIPAL DE MIRANDA DO NORTE,21,201411
12575502000120,HOSP NOSSA SENHORA DE LOURDES E MAT ARMANDO LAGES,27,201505
12600146000157,FUNSAU NA FUNDACAO SERVICOS DE SAUDE DE NOVA ANDRADINA,50,201505
12627470000169,HOSPITAL MUNICIPAL LEONIDAS MELO,22,201505
12721072000107,ASSOCIACAO BENEFICIENTE CONEGO MANOEL VIERA DA COSTA,25,201505
12737680000100,SANTA CASA DE MISERICORDIA DE SAO MIGUEL DOS CAMPOS,27,201505
12817701000105,CRUZ VERMELHA BRASILEIRA FILIAL DO MUNIC DE BARRA DO PIRAI,33,201505
12846027000189,ASSOCIACAO HOSPITALAR SAO JOSE DE JARAGUA DO SUL,42,201505
12846027000189,ASSOCIACAO HOSPITALAR SAO JOSE DE JARAGUA DO SUL,42,201503
13002704000145,HOSPITAL E MATERNIDADE SAO JOSE,28,201505
13016332000106,FUNDACAO DE BENEFICENCIA HOSPITAL DE CIRURGIA,28,201505
13016621000105,HOSPITAL SAO JOSE,28,201505
13016717000173,FUNDACAO DE SAUDE PUBLICA SAO CAMILO DE ESTEIO,43,201505
13025354000132,FUNDACAO HOSPITALAR SAO FRANCISCO DE ASSIS FHSFA,31,201505
13025507000141,ASSOCIACAO ARACAJUANA DE BENEFICENCIA,28,201505
13030481000120,CASA DE SAUDE SANTA MARIA LTDA,28,200801
13040837000106,CLINICA DE ACIDENTADOS LTDA,28,200801
13056940000144,SOMED SOCORROS MEDICOS LTDA,29,201112
13086053000119,CLINICA SANTA HELENA LTDA,28,200801
13091715000149,ASSOCIACAO BENEFICENTE NOSSA SENHORA SANTANA,28,200801
13092374000126,HOSPITAL E MATERNIDADE NOSSO SENHOR DOS PASSOS,28,200801
13098041000104,HOSPITAL SAO LUIZ GONZAGA,28,200801
13124227000190,CLINICA DE REPOUSO SAO MARCELLO LTDA,28,201505
13130521001349,HOSPITAL GOVERNADOR JOAO ALVES FILHO,28,200801
13130521001349,SECRETARIA DE ESTADO DA SAUDE DE SERGIPE,28,200809
13130521001420,SECRETARIA DE ESTADO DA SAUDE,28,200801
13131370000100,SAO LUCAS MEDICO HOSPITALAR LTDA,28,201505
13183513000127,FUNDACAO HOSPITAL MUNICIPAL GETULIO VARGAS,43,201505
13183513000208,FUNDACAO HOSPITAL MUNICIPAL GETULIO VARGAS SAPUCAIA DO SUL,43,201505
13188370000146,HOSPITAL DE OLHOS RUY CUNHA LTDA,29,201501
13221684000101,HOSPITAL NOSSA SENHORA DE LOURDES LTDA EPP,29,201505
13222773000164,ASSOCIACAO DE PROT MAT E INFAN DE CASTRO ALVES,29,201505
13222773000245,APMI DE CASTRO ALVES,29,201207
13224225000173,SANTA CASA DE MISERICORDIA DE CANUDOS,29,200801
13228002000265,ASSOCIACAO BENEFICENTE TAYLOR EGIDIO,29,201505
13236591000142,HOSPITAL CAMEL LTDA,29,200801
13247150000146,CENTRO DE ASSISTENCIA SOCIAL DE ITANHEM,29,201505
13258637000124,ASSOCIACAO DE BENEFICENCIA AMPARO DE MARIA,28,201505
13284872000170,INSTITUTO BRANDAO DE REABILITACAO,29,201505
13296018000124,INSTITUTO VALE DO UNA,26,201505
13305693000172,ASSOCIACAO DE PROT A MAT E A INF ARNALDO GARCEZ,28,200801
13340625000144,CLINICA MEDICO CIRURGICA DE CONQUISTA LTDA,29,200801
13342563000100,ASSOCIACAO CAPELENSE DE ASSIST. AO PROXIMO DESAMPARADO,29,200801
13345236000101,CLINICA DR SEVERINO DO RAMO V DE FREITAS CIA LTDA,29,200801
13346572000179,CLINICA ANDRE LUIZ LTDA,29,201505
13356779000124,DIAGNOSE MEDICO HOSPITALAR LTDA,28,201109
13366414000180,ASSOCIACAO HOSPITALAR DE SERGIPE,28,201505
13370183000189,FUNDACAO HOSPITAL SANTA LYDIA,35,201505
13414781000102,AUTARQUIA MUNICIPAL HOSPITAL DR JOSE EVANGELISTA DE OLIVEIRA,23,201303
13458922000199,AME ATENDIMENTO MEDICOS LTDA,29,200801
13489109000186,SERVICO MEDICO SANTO ESTEVAO LTDA,29,200801
13512578000179,ASSOCIACAO HOSPITALAR SAO FRANCISCO DE PAULA,33,201505
13562665000130,HOSPITAL DAS CLINICAS DE EUNAPOLIS LTDA,29,201505
13601653000178,CLINICA MARIA WALKIRIA LTDA,29,200801
13625694000102,ASSOCIACAO BENEFICENTE DE IPIRA,29,200801
13644877000167,CENTRO ESPECIALIDADE TRAUMATOLOGIA REABILITACAO E ORTOPEDIA,29,200801
13647177000126,SOCIEDADE DE ASSISTENCIA A COMUNIDADE INHAMBUPENSE,29,200801
13651716000109,HOSPITAL SERVIR SERVICOS MEDICOS ESPECIALIZADOS LTDA,29,200801
13671086000126,GRUPO HOSPITALAR MATTER DEI LTDA,29,201505
13672019000126,SOCORRO MEDICO PERMANENTE,29,200801
13680236000168,PROMATER PRONTO SOCORRO E MATERNIDADE GUANAMBI LTDA,29,200801
13701214000137,FUNDACAO HOSPITALAR DE IBIRATAIA,29,201505
13717624000176,SOCIEDADE SAO VICENTE DE PAULO,29,200801
13752936000110,FUNDACAO HOSPITAL E MATERNIDADE DE ITORORO,29,201505
13756754000118,ASSOCIACAO DE PROT MATER E A INFANCIA DE CACULE,29,201505
13769132000124,SANTA CASA DE MISERICORDIA DE COLATINA,32,201505
13777776000164,FUNDACAO HOSPITALAR SENHORA SANTANA,29,201505
13779830000100,SOASE SOCIEDADE ASSISTENCIAL DE SEABRA,29,201505
13783097000106,SINDICATO DOS TRABALHADORES RURAIS DE RIO DO PIRES,29,201505
13788658000151,CENTRO MEDICO SANTALUZ LTDA,29,201505
13805940000108,ASSOCIACAO DE PROTECAO A MATERNIDADE E INFANCIA DE POJUCA,29,201505
13818208000164,CASA DE SAUDE SANTO ANTONIO LTDA,29,201505
13824560000102,SANTA CASA DE MISERICORDIA DE OLIVEIRA DOS CAMPINHOS,29,201505
13835558000210,PREFEITURA MUNICIPALDE BIRITINGA,29,200801
13838479000262,CARITAS DIOCESANA DE CARAVELAS,29,200801
13838479000343,CARITAS DIOCESANA DE CARAVELAS,29,200801
13838784000173,ASSOCIACAO HOSPITALAR DE CARAVELAS,29,201408
13858154000160,SOCIEDADE MEDICA ASSISTENCIAL DE IGUAI,29,201412
13858592000129,ASSOC DE ASSIST A SAUDE E MATER A INFANCI DE N CANAA,29,201505
13865084000178,CUPE CLINICA E URGENCIA PEDIATRICA LTDA,29,200801
13906284000121,ASSOCIACAO DE DESENVOLVIMENTO COMUNITARIO DE MUCUGE,29,200801
13914874000104,SOBABY CLINICA INFANTIL E URGENCIA LTDA,29,200801
13914874000287,SO BABY CLINICA INFANTIL E URGENCIAS LTDA,26,200801
13926639000578,MONTE TABOR CENTRO ITALO BRASILEIRO DE PROMOCAO SANITARIA,29,201505
13926639000730,MONTE TABOR CENTRO ITALO BRASILEIRO DE PROMOCAO SANITARIA,29,201505
13935309000115,HOSPITAL DE OLHOS ROLEMBERG GOIS LTDA,28,201505
13937131000222,BAHIA SECRETARIA DE SAUDE DO ESTADO,29,201505
13937131000303,BAHIA SECRETARIA DE SAUDE DO ESTADO,29,201505
13937131000494,BAHIA SECRETARIA DE SAUDE DO ESTADO,29,201505
13937131000575,SECRETARIA DA SAUDE DO ESTADO DA BAHIA,29,200801
13937131000818,BAHIA SECRETARIA DE SAUDE DO ESTADO,29,201505
13937131001032,BAHIA SECRETARIA DE SAUDE DO ESTADO,29,201505
13937131001385,BAHIA SECRETARIA DE SAUDE DO ESTADO,29,201505
13937131001547,BAHIA SECRETARIA DE SAUDE DO ESTADO,29,201505
13937131001890,BAHIA SECRETARIA DE SAUDE DO ESTADO,29,201505
13937131001970,SECRETARIA DA SAUDE DO ESTADO DA BAHIA,29,200801
13937131002004,SECRETARIA DA SAUDE DO ESTADO DA BAHIA,29,200801
13937131002276,BAHIA SECRETARIA DE SAUDE DO ESTADO,29,201505
13937131002438,BAHIA SECRETARIA DE SAUDE DO ESTADO,29,201505
13937131002519,SESAB SECRETARIA DA SAUDE DO ESTADO DA BAHIA,29,200801
13937131002608,SECRETARIA DA SAUDE DO ESTADO DA BAHIA,29,200801
13937131002780,BAHIA SECRETARIA DE SAUDE DO ESTADO,29,201505
13937131002942,SECRETARIA DA SAUDE DO ESTADO DA BAHIA SESAB,29,200801
13937131003833,BAHIA SECRETARIA DE SAUDE DO ESTADO,29,201505
13937131004058,BAHIA SECRETARIA DE SAUDE DO ESTADO,29,201505
13937131004210,SESAB - SECRETARIA DA SAUDE DO ESTADO DA BAHIA,29,200801
13937131004309,SASEB - SECRETARIA DA SAUDE DO ESTADO DA BAHIA,29,200801
13937131004481,BAHIA SECRETARIA DE SAUDE DO ESTADO,29,201505
13937131004562,SECRETARIA DE SAUDE DO ESTADO DA BAHIA,29,200801
13937131004996,BAHIA SECRETARIA DE SAUDE DO ESTADO,29,201505
13937131005020,BAHIA SECRETARIA DE SAUDE DO ESTADO,29,201505
13937131005100,SECRETARIA DA SAUDE DO ESTADO DA BAHIA,29,200801
13937131005372,BAHIA SECRETARIA DE SAUDE DO ESTADO,29,201505
13937131005453,BAHIA SECRETARIA DE SAUDE DO ESTADO,29,201505
13937131005704,BAHIA SECRETARIA DE SAUDE DO ESTADO,29,201505
13937131005887,SECRETARIA DA SAUDE DO ESTADO DA BAHIA,29,200801
13937131006182,SECRETARIA DE SAUDE DO ESTADO DA BAHIA,29,200801
13937131006263,BAHIA SECRETARIA DE SAUDE DO ESTADO,29,201505
13937131006425,BAHIA SECRETARIA DE SAUDE DO ESTADO,29,201505
13937131006506,SECRETARIA DA SAUDE DO ESTADO DA BAHIA,29,200801
13937131006697,BAHIA SECRETARIA DE SAUDE DO ESTADO,29,201505
13937131006859,SECRETARIA DA SAUDE DO ESTADO DA BAHIA,29,200801
13937131007073,BAHIA SECRETARIA DE SAUDE DO ESTADO,29,201505
13945753000111,FUNDACAO CLIMEDI ASSISTENCIA SOCIAL,28,201505
13971890000120,SOTE SERVICO DE ORTOPEDIA E TRAUMATOLOGIA ESPECIALIZ LTDA,29,201505
14006472000166,SANTA CASA DE MISERICORDIA DE CRUZ DAS ALMAS,29,200801
14006628000109,J E SERVICOS LTDA EPP,15,201407
14014096000151,PRONTO CLINICA SAO LUCAS,29,200801
14054605000170,SANTA CASA DE MISERICORDIA DE ESPLANADA,29,201505
14064653000149,AME ATENDIMENTO MEDICO LTDA,29,201410
14092845000169,CLINICA SAO JOSE LTDA,29,200801
14104293000161,SANTA CASA MATER MISERICORDIAE DE UNA,29,200801
14107205000185,HOSPITAL JOSE RAMOS NETO,29,201505
14107585000158,AMES ASSISTENCIA MEDICA EXTREMO SUL LTDA ME,29,201505
14127104000176,HOSPITAL SANTA LUCIA LTDA,15,201505
14129613000138,POLICLINICA E MATERNIDADE GUANAMBI LTDA,29,201505
14155030000181,HOSPITAL MANOEL MARTINS DE SOUZA,29,201505
14161806000176,HOSPITAL E CLINICA SANTA HELENA LTDA,29,200801
14168470000173,IRMANDADE DA SANTA CASA DE MISERICORDIA DE ILHEUS,29,201505
14222434000140,CLIMEC CLINICA MEDICA CENTRALIZADA LTDA,29,201407
14247175000102,FUNDACAO HOSPITALAR DE IPIAU,29,201505
14273957000116,UNIDADE MEDICO CIRURGICA LTDA,29,201505
14283477000136,FUNDACAO HOSPITALAR RUY BACELAR,29,201505
14284483000108,ASSOCIACAO DE PROTECAO A MATER E INF DE UBAIRA,29,201505
14287803000183,HOSPITAL E MATERNIDADE SANTA RITA,41,201505
14349740000223,SANTA CASA DE MISERICORDIA DE ITABUNA,29,201505
14349740000304,SANTA CASA DE MISERICORDIA DE ITABUNA,29,201505
14349740001033,SANTA CASA DE MISERICORDIA DE ITABUNA,29,201505
14352678000148,ORGANIZACAO HOSPITALAR SAO LUCAS SA,29,200801
14356562000187,CLIPI CLNICA PSIQUIATRA DE ITABUNA LTDA,29,201504
14380968000103,HOSPITAL SANTA BARBARA LTDA,29,201505
14426829000165,SANTA CASA DE MISERICORDIA DE CONCEICAO DO ALMEIDA,29,201505
14432025000179,SANTA CASA DE MISERICORDIA DE ITAMBE,29,201505
14458020000115,CASA DE SAUDE DR RENATO GONSALVES LTDA,29,201505
14464382000119,CASA DE SAUDE SANTA MARIA,29,200801
14508238000137,CLISE HOSPITAL GERAL ESPECIALIZADO DA MULHER,29,200801
14508758000140,PEDRO ALMEIDA DA SILVA,29,201505
14514012000149,SEMEG - SERVICOS MEDICOS DE GANDU LTDA,29,200801
14517452000150,INST ORTOP REAB TRAUM ED FISICA,29,201505
14531305000134,PREFEITURA MUNICIPAL DE JACOBINA,29,200801
14531867000188,ASSOCIACAO JACOBINENSE DE ASSISTENCIA,29,200801
14591473000115,AMEC ASSIST MED CIR E HOSP DE CAMACAN SC LTDA,29,200801
14599484000141,CLINICA SAO VICENTE LTDA,29,200801
14606321000149,CASA DE SAUDE MATERNIDADE PERPETUO SOCORRO LTDA,29,201505
14617799000174,HOSPITAL SAO VICENTE DE PAULA,29,201505
14621866000124,CARDOSO CARDOSO LTDA,29,201504
14633530000181,ASSOCIACAO DE SAUDE DE DOM FELICIANO,43,201505
14659478000132,HOSPITAL PROMATRE DE JUAZEIRO,29,201505
14660567000107,SANTA CASA DE MISERICORDIA DE JUAZEIRO,29,200908
14661326000174,SERVICO MEDICO CIRURGICO OBSTETRICO SAO FRANCISCO,29,200801
14661987000108,ASSOCIACAO SANFRANCISCANA DE ASSITENCIA AO PSICOPATA DESVALI,29,201505
14703037000190,CLINICA MEDICA DE POJUCA,29,200801
14735138000143,SERVICOS MEDICOS GERAIS LTDA SEMEGE,29,201205
14736446000193,CIS CENTRO INTEGRADO EM SAUDE S S LTDA,41,201505
14736706000120,SERMEGE SERVICOS MEDICOS EM GERAL LTDA,29,200801
14797815000158,CENTRO PESQUISA E AS EM REPRODUCAO HUMANA,29,201504
14809420000209,CLINICA SAO BERNARDO SC LTDA,29,200801
14812333000120,ASSOCIACAO DE PROTECAO A MATERNIDADE E A INFANCIA DE MUTUIPE,29,201505
14848618000110,IRMANDADE DA SANTA CASA DE MISERICORDIA DA CIDADE DE NAZARE,29,200801
14920631000133,FEMINA PRESTADORA DE SERVICOS MEDICOS HOSPITALAR,51,201402
14931414000149,HOSPITAL E MATERNIDADE DOIS PINHEIROS LTDA,51,200801
14958482000100,HOSPITAL E MATERNIDADE SAO BENEDITO LTDA,51,201505
14959282000163,HOSPITAL SAO VICENTE LTDA,51,200801
14961171000191,HOSPITAL GERAL E MATERNIDADE ARAPUTANGA LTDA,51,200801
14980932000152,SOCIEDADE HOSPITALAR SAO FRANCISCO DE ASSIS,51,201503
14986862000140,MATERNIDADE GOTA DE LEITE DE ARARAQUARA FUNGOTA ARARAQUARA,35,201307
14988331000196,CLIMEV CLINICA MEDICA VALENTE LTDA,29,201505
15004047000109,CENTRO MEDICO DE CAMACARI LTDA,29,201505
15016827000160,HOSPITAL E MATERNIDADE SAO MATEUS LTDA,51,201101
15022780000148,HOSPITAL E MATERNIDADE JESUITAS LTDA,41,201505
15061518000102,RIO MEDICA ASSISTENCIAL LTDA,51,201505
15081599000102,HOSPITAL E MATERNIDADE SAO GERALDO,51,201505
15093966000198,SANTA CASA DE MISERICORDIA DE RUY BARBOSA,29,201505
15107386000102,SEVICOS PEDIATRICOS DA BAHIA LTDA,29,201505
15113087000180,SANATORIO SAO PAULO LTDA,29,200801
15113103000135,REAL SOCIEDADE ESPANHOLA DE BENEFICENCIA,29,201408
15120306000159,ASS DE CARIDADE N SENHORA DA BOA HORA,28,200801
15126437001034,EMPRESA BRASILEIRA DE SERVICOS HOSPITALARES EBSERH,28,201505
15140254000182,SEMEC SERVICOS DE EMERGENCIA MEDICO CIRURGICO LTDA,29,201505
15153745000249,SANTA CASA DE MISERICORDIA DA BAHIA,29,201505
15166416000151,REAL SOCIEDADE PORTUGUESA DE BENEFICIENCIA,29,201505
15166416000828,REAL SOCIEDADE PORTUGUESA DE BENEFICENCIA 16 DE SETEMBRO,29,201505
15166416000909,REAL SOCIEDADE PORTUGUESA BENEF 16 DE SETEMBRO,29,201505
15166416001042,REAL SOCIEDADE PORTUGUESA DE BENEF 16 DE SETEMBRO,29,201505
15170723000106,LIGA ALVARO BAHIA CONTRA MORTALIDADE INFANTIL,29,201505
15171093000194,HOSPITAL EVANGELICO DA BAHIA,29,201505
15175839000138,FUNDACAO COLOMBO SPINOLA,29,201505
15176233000117,CENTRO ESPIRITA CAMINHO DA REDENCAO,29,201505
15180714000287,UNIVERSIDADE FEDERAL DA BAHIA,29,201505
15180714000368,UNIVERSIDADE FEDERAL DA BAHIA,29,201505
15180961000100,LIGA BAHIANA CONTRA O CANCER,29,201505
15194004001288,ASS DE PROTECAOO A MATERNIDADE E A INFANCIA DE CASTRO ALVES,29,201504
15194004001369,FUNDACAO JOSE SILVEIRA,29,201505
15194004001792,FUNDACAO JOSE SILVEIRA,29,201505
15200967000194,INSTITUTO BRASILEIRO DE OFTALMOLOGIA E PREVENCAO DA CEGUEIRA,29,201505
15232872000152,ASSOCIACAO HOSPITALAR BENIFICIENTE DR REGIS MARIGLIANI,41,201505
15233646001400,CONG DAS IRMAS FRAN HOSPITALEIRAS DA IMA CONCEICAO,29,201505
15277304000178,S B DE SOUZA E CIA LTDA,15,200801
15281509000127,ASSOCIACAO BENEFICENTE FREI ROGERIO,42,201505
15295918000182,ANTONIO PEDROSA CIA LTDA,15,201505
15321391000113,CLINICA SANTO ANTONIO LTDA,15,201409
15329734000196,FUNDACAO PUBLICA DE SAUDE DE VITORIA DA CONQUISTA,29,201309
15365844000103,HOSPITAL E MATERNIDADE SANTA MARIA LTDA,51,200801
15376437000100,SOCIEDADE HOSPITALAR QUATRO MARCOS LTDA,51,200801
15447545000118,IRMAOS PEDROSA LTDA ME,15,201505
15461510000214,FUNDACAO UNIVERSIDADE FEDERAL DE MATO GROSSO DO SUL,50,201505
15472756000100,ALVES E GUILHERME LTDA,50,200801
15487770000188,ASSOCIACAO BENEFICENTE DE ANGELICA,50,201505
15505738000188,CLINICA SAO CAMILO,50,200801
15516767000145,INSTITUTO DE SAUDE DE SAO JOAO ISSJ,41,201505
15557480000163,FUNDACAO HOSPITALAR SAO VICENTE DE PAULO,31,201505
15578834000156,ASSOCIACAO BENEFICENTE DE ITAQUIRAI,50,201505
15609465000111,CLINICA MEDICA DIMARA LTDA,33,201505
15652714000151,CASA DE SAUDE SODIL LTDA,33,201505
15672041000100,CLINICA DR ARISTIDES FREITAS DE QUEIROZ LTDA,29,200801
15703580000150,MATERNIDADE ANA CATARINA LTDA,29,201103
15790298000158,CLINICA E HOSPITAL SAO SEBASTIAO LTDA,13,201308
15834732000235,PREFEITURA MUNICIPAL DE ALTA FLORESTA DO OESTE,11,200801
15845340000271,PREFEITURA MUNICIPAL DE ALVORADA DO OESTE,11,201504
15845365000275,PREFEITURA MUNICIPAL DE SANTA LUZIA DOESTE,11,201206
15855679000178,HOSPITAL E MATERNIDADE DE EUNAPOLIS LTDA,29,201301
15884109000297,PREFEITURA MUNICIPAL DE NOVA BRASILANDIA DOESTE,11,201412
15892755000115,ASS DE PROTECAO A MATERNIDADE E A INFANCIA DE CASTRO ALVES,29,201504
15893159000150,HOSPITAL MATERNIDADE DE SANTO AMARO,29,201505
15895196000105,HOSPITAL CENTRAL LTDA,11,201012
15934094000143,IRMANDADE DA STA CASA DE MISER DE S ANT DE JESUS,29,201505
15969462000199,HOSPITAL SAMARITANO DE PORANGATU,52,200801
15979826000111,IRMANDADE DA SANTA CASA DE MISERICORDIA DE SAO FELIX,29,201505
15992530000130,ORLANDO SILVA NAZIOZENO,52,201505
16046245000190,SOCIEDADE BENEFICENTE DECOXIM,50,200801
16076424000170,HOSPITAL OTORRINOS DE FEIRA DE SANTANA LTDA,29,201505
16096943000108,SERVICOS DE EMERGENCIAS MEDICAS DE SERRINHA LTDA,29,200801
16175036000146,SANTA CASA DE MISERICORDIA DE VALENCA,29,201505
16192411000166,CASA DE SAUDE SAO GERALDO,29,201505
16230237000107,FUNDACAO FERNANDO GOMES,29,201505
16237034000134,CASA DE SAUDE SANTANA LTDA,29,201505
16241606000159,FUNDACAO HOSPITALAR DE ITACARE,29,201505
16251472000157,CLINICA MEDICA DE BARRO ALTO,29,201505
16255168000188,HOSPITAL AMERICO CHAGAS LTDA,29,201505
16290496000115,CLISF CLINICA MEDICA SAGRADA FAMILIA LTDA,29,201505
16350217000161,POLICLINICA SAO MIGUEL SC LTDA,29,200801
16411639000108,HOSPITAL SANTA AMELIA LTDA,29,200801
16413080000147,FUNDACAO HOSPITALAR AURELINA VIRGILIA FAIR,29,201505
16424715000101,POLICLINICA SANTA MARIA LTDA,29,200801
16430936000192,SULE OLADEJO E CIA LTDA,29,201209
16445777000108,CENTRO MEDICO DE IBITITA,29,201505
16449175000110,CLINICA DE ASSISTENCIA MEDICA DE ITIUBA,29,200801
16457053000176,ASSOC DE ASSIST E PROT A MATERNIDADE E A INFANCIA DE LAGARTO,28,201505
16458630000144,HOSPITAL DE OLHOS DE SERGIPE LTDA,28,201505
16505851000126,HOSPITAL SAO VICENTE DE PAULO DE ABAETE,31,201505
16517476000134,CLINICA SERRA VERDE LTDA,31,200801
16527889000108,SANTA CASA DE ABRE CAMPO,31,201505
16564072000100,HOSPITAL SAO VICENTE DE PAULO,31,201505
16596611000184,HOSPITAL SAO VICENTE DE PAULO,31,201505
16607509000137,HOSPITAL SAO SALVADOR,31,201505
16692121000181,HOSPITAL MUNICIPAL ODILON BHERENS,31,201505
16698771000134,IRMANDADE DA SANTA CASA DE MISERICORDIA DE ALPINOPOLIS,31,201505
16712309000144,HOSPITAL DE ALTO RIO DOCE,31,201505
16718884000154,HOSPITAL NOSSA SENHORA DE LOURDES,31,201505
16725665000100,HOSPITAL NOSSA SENHORA DA SAUDE,31,201505
16731630000176,SANTA CASA DE MISERICORDIA DE ANDRADAS,31,201505
16742355000196,LACTARIO E POSTO DE PUERICULTURA MENINO JESUS,31,201505
16760316000111,HOSPITAL SAO VICENTE DE PAULO,31,201505
16766065000182,SANTA CASA DE MISERICORDIA DE ANDRELANDIA,31,200801
16769168000104,SOMEPISOCIEDADE MEDICA DE PIRAPORA LTDA,31,200801
16802340000176,ASSOCIACAO DE PROTECAO A MATERNIDADE E A INFANCIA,31,201505
16804692000160,SANTA CASA M MATERN SANTANA ITAPECERICA,31,201505
16826067000110,SANTA CASA DE MISERICORDIA DE ARAGUARI,31,201505
16828915000120,HOSPITAL SANTO ANTONIO LTDA,31,201505
16852089000154,SANTA CASA DE MISERICORDIA NOSSA SENHORA DO CARMO,31,201505
16865909000142,FUNDACAO HOSPITALAR AURELIANO CAMPOS BRANDAO,31,201505
16870610000186,HOSPITAL SANTO ANTONIO LTDA,31,200801
16881161000171,HOSPITAL IMACULADA CONCEICAO,31,201505
16887465000146,CONFERENCIA SAO VICENTE DE PAULO DE TURMALINA,31,201505
16906935000171,MELHORAMENTOS DOM BOSCO SA,31,201503
16908600000192,ASSOC ASSIST SOCIAL DA SANTA CASA DE MISERICORDIA DE ARAXA,31,201505
16920928000124,FUNDACAO HOSPITALAR DE MONTES CLAROS,31,201505
16921181000129,PRONTOSOCOR DE MONTES CLAROS LTDA,31,201505
16936346000136,FUNDACAO SAO VICENTE DE PAULO DE PARAOPEBA,31,200801
16968547000115,SANTA CASA DE ARCOS,31,201505
16975989000199,HOSPITAL SAO LUCAS SOCIEDADE SIMPLES LTDA,31,200801
16985970000123,FUNDACAO PAULO VI,31,201505
17002528000100,HOSPITAL LOURENCO WESTIN,31,201505
17032293000191,HOSPITAL NOSSA SENHORA DO BRASIL,31,201505
17082892000110,SANTA CASA DE MISERICORDIA DE BARBACENA,31,201505
17084005000142,INSTITUTO MAT ASSIST A INFANCIA E POLICLINICA DE BARBACENA,31,201505
17089541000130,CLINICA MANTIQUEIRA LTDA,31,201503
17099649000104,HOSPITAL SAO MANOEL DE MUTUM LTDA,31,201505
17117656000191,ASSOCIACAO DE PROTECAO A MATERNIDADE E INFANCIA DE FELISBURG,31,201505
17136342000136,FUNDACAO TINO DA CUNHA,31,201505
17178203000680,FUNDACAO EDUCACIONAL LUCAS MACHADO,31,201505
17182734000131,HOSPITAL SANTA MARTA LTDA,31,200801
17198094000158,SOS MEDICINA E CIRURGIA DE URGENCIA LTDA,31,200801
17200429000125,FUNDACAO BENJAMIN GUIMARAES,31,201505
17209891000193,SANTA CASA DE MISERICORDIA DE BELO HORIZONTE,31,201505
17214149000176,FUNDACAO FELICE ROSSO,31,201505
17214743000167,ASSOCIACAO EVANGELICA BENEFICENTE DE MINAS GERAIS,31,201505
17217985003472,UNIVERSIDADE FEDERAL DE MINAS GERAIS HOSPITAL DAS CLINICAS,31,201505
17222027000121,HOSPITAL SAO BENTO CARDIOCLINICA SA,31,200801
17226044000137,ASSOCIACAO BENEFICENTE PAULO DE TARSO,31,201505
17249300000101,HOSPITAL SANTA MARIA LTDA,35,201412
17311430000127,HOSPITAL E MATERNIDADE SAO MATEUS LTDA ME,52,201409
17321004000174,HOSPITAL S LUCAS LTDA ME,51,201505
17340842000195,INSTITUTO MEDICO NOSSA VIDA DE CORONEL VIVIDA,41,201505
17357641000109,CENTRO OFTALMOLOGICO DE MINAS GERAIS SA,31,201505
17393448000115,ASSOCIACAO HOSPITALAR DE JECEABA,31,201505
17394610000110,FUNDACAO HOSPITALAR SANTO ANTONIO,31,201505
17398245000111,ASSOCIACAO HOSPITALAR BENEFICENTE MOACIR MICHELETTO DE ASSIS,41,201505
17398561000274,ASSOCIACAO DE PROTECAO A MATERNIDADE E INFANCIA,31,200801
17400755000186,OBRAS SOCIAIS DA PAROQUIA DE SAO PAULO,31,200801
17411232000135,NOVO HORIZONTE HOSPITALAR LTDA,31,201311
17421173000186,HOSPITAL DE GIMIRIM,31,201505
17435942000103,HOSPITAL SANTANA DE GUARACIABA,31,201505
17454167000125,HOSPITAL SANTA MARIA DE ANANINDEUA LTDA,15,201505
17478223000161,CLINICA NOSSA SENHORA DE LOURDES LTDA,31,200801
17485376000136,ASSOCIACAO BENEFICENTE DA CRIANCA ABC,31,201505
17513235000180,ASSOCIACAO MARIO PENNA,31,201505
17683906000150,FUNDACAO MUNICIPAL DE SAUDE PREFEITO SAMUEL GREVE,51,201505
17704776000195,PRONTO CORDIS SC LTDA,31,200801
17734625000180,HOSPITAL E MATERNIDADE MARIA ELOY,31,201505
17757127000152,ASSOCIACAO FRAIBURGUENSE DE SAUDE COLETIVA AFSC,42,201505
17763343000100,HOSPITAL JORGE CAETANO DE MATTOS,31,201505
17831587000183,POSTO MEDICO HOSPITALAR DE LAGOA FORMOSA,31,201505
17880998000169,SANTA CASA DE MISERICORDIA DE AREADO,31,201505
17903600000162,HOSPITAL E SANTA CASA DE JACUI,31,200801
17903816000128,HOSPITAL E MATERNIDADE SAO PEDRO,31,201505
17909730000102,HOSPITAL MONSENHOR GENESIO,31,201505
17912007000182,HOSPITAL E MATERNIDADE SENHOR BOM JESUS,31,201505
17912353000160,LAR IRMA M AUGUSTA E HOSP GERIATRICO AFONSINA REIS MEGALE,31,200801
17922477000127,FUNDACAO BENEFICENTE SAO JOAO DA ESCOCIA,31,201505
17953217000208,CENTRO SOC DE EDUC SAUDE E A A M DE CARRANCAS,31,201505
17954249000139,OBRAS SOCIAIS DA PAROQUIA DE PIEDADE DO RIO GRANDE,31,201505
17962978000137,ASSOCIACAO DE PROTECAO A MATERNIDADE E A INFANCIA DE ATALEIA,31,201505
17989187000109,FUNDACAO ASSISTENCIAL VICOSENSE,31,201505
18017491000149,ORGANIZACAO HOSPITALAR PSIQUIATRICA LTDA,31,200801
18039461000133,SANTA CASA DE MISERICORDIA DE PASSA TEMPO,31,201505
18048223000194,FUNDACAO DE SAUDE TRES MARIAS,31,201505
18083532000103,ENTIDADE PAULISTENSE DE SAUDE,26,201504
18099325000139,FUNDACAO DE ASSISTENCIA SOCIAL DE JANAUBA,31,201505
18115071000103,HOSPITAL DE ESPERA FELIZ,31,201505
18134122000136,FUNDACAO MUNICIPAL DE SAUDE DE TEIXEIRAS,31,200801
18145870000114,HOSPITAL SAO VICENTE DE PAULO,31,201505
18156893000124,HOSPITAL GENESIO FRANCO DE MORAIS SC,31,201505
18157271000110,SANTA CASA DE MISERICORDIA ABADIA DOS DOURADOS,31,201505
18170894000123,CLINICA VERA CRUZ LTDA,31,201505
18180356000110,FUNDACAO MUNICIPAL DE SAUDE DE MARIA DA FE,31,201505
18191213000103,HOSPITAL E MATERNIDADE SAO LUCAS DE EXTREMA LTDA,31,201505
18194191000135,ASSOCIACAO DE PROTECAO A MATERNIDADE E INFANCIA DE CARVALHOS,31,200801
18212084000273,FAMUC FUND DE ASSITENCIA MEDICA DE URGENCIA DE CONTAGEM,31,201505
18236227000104,FUNDACAO MUNICIPAL DE SAUDE DE FOZ DO IGUACU,41,201505
18240812000170,HOSPITAL NOSSA SENHORA DO CARMO,31,201505
18248963000174,FUNDACAO HOSPITALAR JOAQUIM BENTO DE AGUIAR,31,200801
18283101000697,PREFEITURA MUNICIPAL DE ITACARAMBI,31,200801
18286476000104,HOSPITAL E MATERNIDADE VESPASIANO LTDA,31,200801
18357319000134,HOSPITAL IMACULADA CONCEICAOGALILEIA,31,201503
18392993000150,ASSOCIACAO DE PROTECAO E ASSIST A MATERNIDADE E A INFANCIA,31,201505
18458745000245,SERVICO SOCIAL NOSSA SENHORA DA ABADIA,31,201003
18490528000151,ASSOCIACAO SOCIAL UNIVIDA TAUA,15,201504
18584177000148,FUNDACAO MEDICA DE JEQUERI,31,200801
18591792000181,SOCIEDADE CARITATIVA SAGRADO CORACAO DE JESUS,31,201505
18591792000262,SOCIEDADE CARITATIVA SAGRADO CORACAO DE JESUS,31,201505
18592139000137,HOSPITAL SEBASTIAO PAES DE ALMEIDA,31,200801
18625343000107,HOSPITAL MATERNIDADE E PRONTO SOCORRO SANTA LUCIA LTDA,31,201505
18632315000117,FUNDACAO HOSPITALAR SAO SEBASTIAO,31,201505
18650424000167,FUNDACAO MUNICIPAL DE SAUDE DE ARINOS,31,201505
18653659000102,FUNDACAO HOSPITALAR DE SAUDE,31,201505
18715391000196,PREFEITURA MUN BETIMSMS FUNDO MUNICIPAL DE SAUDE DE BETIM,31,200801
18715508000131,HOSPITAL MUNICIPAL JOSE LUCAS FILHO,31,201303
18720938000141,FUNDACAO DESENVOLVIMENTO DA PESQUISA FUNDEP,31,201505
18760108000148,ASSOCIACAO CARIDADE SAO JOSE DE BICAS,31,201505
18779564000130,HOSPITAL DE CLINICAS DO MALHADO LTDA,29,201505
18781039000159,SANTA CASA DE MISERICORDIA DE BOA ESPERANCA,31,201505
18825205000171,HOSPITAL SAO JORGE DE ILHEUS LTDA EPP,29,201503
18841916000130,HOSPITAL SAO VICENTE DE PAULO DE POTE,31,201505
18843789000108,HOSPITAL SAO BENTO,31,201505
18859264000160,FUNDACAO BOM PASTOR,31,201505
18860684000167,FUNDACAO DE SAUDE CRISTO REI,31,201505
18863985000144,ASILO DE CARIDADE SANTA CASA DE BOM SUCESSO,31,201505
18892042000140,FUNDACAO DE SAUDE DE MONTALVANIA,31,201505
18892141000121,FUNDACAO HOSPITALAR DE AMPARO AO HOMEM DO CAMPO,31,201505
18895284000197,FUNDACAO HOSPITAL SAO JOSE DE BOTELHOS,31,201505
18901645000160,CLINICA NEUROPSIQUIATRICA DE ALFENAS,31,200801
18921817000168,SANTA CASA DE MISERICORDIA SAO CAETANO DA VARGEM GRANDE,31,201505
18929463000106,HOSPITAL NOSSA SENHORA MAE DA IGREJA,31,201505
18931576000138,FUNDACAO NOSSA SENHORA DAJUDA,31,201505
18932277000118,HOSPITAL DR OTAVIO GONCALVES,31,201505
18958256000171,ASSOCIACAO DO HOSPITAL SAO FRANCISCO,31,201505
18979328000167,SOCIEDADE CIVIL DE BENEFICENCIA CAETEENSE,31,201505
19014182000188,HOSPITAL SANTA RITASANTA RITA DE CALDAS,31,200801
19014786000124,SANTA CASA DE MISERICORDIA DE CALDAS,31,201505
19015486000160,SANTA CASA DE MISERICORDIA DE IPUIUNA,31,201505
19032960000161,IRMANDADE DA SANTA CASA DE MISERICORDIA DE IBERTIOGA,31,201505
19038728000130,HOSPITAL E MATERNIDADE DE CAREACU,31,201505
19053479000152,IRMANDADE DA SANTA CASA DE MISERICORDIA DE CAMBUI,31,201505
19071273000155,LAR DE MEIMEI HOSPITAL GERAL DE CAMBUQUIRA,31,201505
19082452000198,SANTA CASA DE MISERICORDIA DA CAMPANHA,31,201505
19091537000132,SANTA CASA MIS CARIDADE DE CAMPESTRE,31,201505
19093202000153,SANTA CASA DE MISERICORDIA DE GUAPE,31,201505
19109198000174,CASA DE SAUDE E MATERNIDADE NOSSA SENHORA APARECIDA LTDA,31,201505
19110162000100,FUNDACAO HOSPITALAR DO MUNICIPIO DE VARGINHA,31,201505
19128248000160,SANTA CASA DE MISERICORDIA SAO VICENTE DE PAULO,31,201505
19130186000121,HOSPITAL SAO LUCAS LTDA,31,201504
19172113000100,HOSPITAL INFANTIL PADRE ANCHIETA LTDA,31,201505
19191550000163,SANTA CASA DE MISERICORDIA DE CAMPOS ALTOS,31,201505
19192490000101,HOSPITAL E MATERNIDADE SANTA RITA DE CASSIA LTDA,27,201503
19202654000126,HOSPITAL SAO VICENTE DE PAULO,31,201505
19213826000167,SANTA CASA DE MISERICORDIA DE CANAPOLIS,31,201505
19247790000132,SOCIEDADE CIVIL BENEFICENTE NOSSA SENHORA APARECIDA,31,200801
19274091000181,CASA DE CARIDADE DE CARANGOLA,31,201505
19275338000184,HOSPITAL EVANGELICO DE CARANGOLA,31,201505
19289494000102,INSTITUTO VALE CAPIBARIBE INOVACOES EDUCACAO E SAUDE,26,201505
19297746000137,HOSPITAL SAO VICENTE DE PAULO,31,201505
19313618000130,CASA DE SAUDE DIVINO ESPIRITO SANTO SA,31,201409
19314442000130,HOSPITAL NOSSA SENHORA AUXILIADORA,31,201505
19343383000129,FUNDACAO COMUNITARIA DE SAUDE DE CANDEIAS,31,201505
19400753000112,HOSPITAL SANTANA LTDA,31,200801
19417823000145,HOSPITAL DA CRIANCA SAO JOSE LTDA,31,200801
19422783000120,INSTITUTO SAO FRANCISCO,15,201505
19433648000180,FUNDACAO MUNICIPAL DE SAUDE,31,201411
19446590000109,STA CASA MIS CARMO DO PARANAIBA DR ADILON CARDOSO TEIXEIRA,31,201505
19507078000125,INSTITUTO SAO VICENTE DE PAULO,31,201505
19529478000131,HOSPITAL DE CATAGUASES,31,201505
19557487000136,CENTRO BARBACENENSE DE ASSIST MEDICA E SOCIAL,31,201505
19558782000107,HOSPITAL MUNICIPAL SANTANA DE CARANDAI,31,201505
19564137000105,HOSPITAL BEMVINDO SAUDE LTDA,31,200801
19576493000130,HGPAJO HOSPITAL LTDA EPP,22,201504
19578376000106,HOSPITAL DIVINENSE,31,201505
19604511000140,SANTA CASA DE MISERICORDIA DE CLAUDIO,31,201505
19637289000182,HOSPITAL JOAO HENRIQUE,31,200801
19655125000188,HOSPITAL IMACULADA CONCEICAO,31,201505
19674878000130,CASA DE CARIDADE SANTO ANTONIO,31,201505
19675131000105,FUNDACAO MUNICIPAL DE SAUDE DE ALAGOA,31,201505
19692433000183,FUNDACAO MUNICIPAL DE SAUDE DE PASSABEM,31,201504
19692755000122,ASSOCIACAO HOSPITALAR BOM JESUS,31,201505
19702927000100,SANTA CASA DE MISERICORDIA DE CONQUISTA,31,201505
19708510000146,HOSPITAL E MATERNIDADE MARIA EULALIA,31,201505
19715663000110,HOSPITAL E MATERNIDADE SAO JOSE,31,201505
19717305000147,HOSPITAL SAO VICENTE DE PAULO,31,201505
19717578000191,SOCIEDADE HOSPITAL QUELUZ,31,201505
19719103000134,ASSOCIACAO BENEFICENTE SAO CAMILO,31,201505
19820703000194,HOSPITAL SANTA CRUZ LTDA,31,200801
19843929000291,FUNDACAO HOSPITALAR DO ESTADO DE MINAS GERAIS,31,201505
19843929000372,FUNDACAO HOSPITALAR DO ESTADO DE MINAS GERAIS,31,201505
19843929000453,FUNDACAO HOSPITALAR DO ESTADO DE MINAS GERAIS,31,201505
19843929000615,FUNDACAO HOSPITLAR DO ESTADO DE MINAS GERAIS,31,201505
19843929000704,FUNDACAO HOSPITALAR DO ESTADO DE MINAS GERAIS,31,201505
19843929000887,FUNDACAO HOSPITALAR DO ESTADO DE MINAS GERAIS,31,201505
19843929000968,FUNDACAO HOSPITALAR DO ESTADO DE MINAS GERAIS,31,201505
19843929001000,FUNDACAO HOSPITAL DO ESTADO DE MINAS GERAIS FHEMIG,31,201505
19843929001182,FUNDACAO HOSPITALAR DO ESTADO DE MINAS GERAIS,31,201505
19843929001263,FUNDACAO HOSPITALAR DO ESTADO DE MINAS GERAIS,31,201505
19843929001344,FUNDACAO HOSPITALAR DO ESTADO DE MINAS GERAIS,31,201505
19843929001506,FUNDACAO HOSPITALAR DO ESTADO DE MINAS GERAIS,31,201505
19843929001697,FUNDACAO HOSPITALAR DO ESTADO DE MINAS GERAIS,31,201505
19843929001778,FUNDACAO HOSPITALAR DO ESTADO DE MINAS GERAIS,31,201505
19843929001859,FUNDACAO HOSPITALAR DO ESTADO DE MINAS GERAIS,31,201505
19843929002740,FUNDACAO HOSPITALAR DO ESTADO DE MINAS GERAIS,31,201505
19843929002820,FUNDACAO HOSPITALAR DO ESTADO DE MINAS GERAIS FHEMIG,31,201505
19843929002901,FUNDACAO HOSPITALAR DO ESTADO DE MINAS GERAIS,31,201505
19849462000106,SANTA CASA DE MISERICORDIA DE COROMANDEL,31,201505
19911312000185,HOSPITAL VALE DO JEQUITINHONHA,31,201505
19917940000178,FUNDACAO ESTATAL DE SAUDE DE APARECIDA DO TABOADO FESAT,50,201504
19943524000144,ASSOCIACAO PRO TRAUMA APT,15,201505
19962364000180,FUNDACAO HOSPITALAR DE CRISTINA,31,201505
19989904000110,IRMANDADE SANTO ANTONIO DE CURVELO,31,201505
20017299000102,SANTA CASA DE MISERICORDIA DR ALMEIDA MACHADO PERDIZES,31,201505
20017547000107,PREFEITURA MUNICIPAL DE PEDRINOPOLIS,31,200801
20031209000120,SANTA CASA DE MISERICORDIA DE SANTA JULIANA,31,200801
20049300000172,SANTA CASA DE MISERICORDIA PADRE EUSTAQUIO,31,201505
20055612000199,CASA DE SAUDE SAO FRANCISCO DE SALES,31,200801
20059028000101,SANTA CASA DE MISERICORDIA DE UNIAO,31,201505
20060331000124,OBRAS ASSISTENCIAIS CASA DO CAMINHO,31,201505
20079166000152,SANTA CASA DE CARIDADE DE DIAMANTINA,31,201505
20081238000104,IRMANDADE DE NOSSA SENHORA DA SAUDE,31,201505
20081246000142,ASSOCIACAO MANTENEDORA DO HOSP E MAT DR AURELIANO BRANDAO,31,201505
20088681000107,ASSOCIACAO HOSPITALAR MARCELINENSE,43,201505
20142295000148,HOSPITAL SAO JUDAS TADEU LTDA,31,201108
20142303000156,HOSPITAL SANTA LUCIA LTDA,31,200801
20146064000102,FUNDACAO GERALDO CORREA,31,201505
20180634000180,FUNDACAO DERALDO GUIMARAES,31,201505
20182754000117,ASSOCIACAO HOSPITALAR SAO VICENTE DE PAULO DE MALACACHETA,31,201505
20218442000116,FUNDACAO HOSPITALAR NOSSA SENHORA DE LOURDES,31,201505
20289302000139,HOSPITAL SAO CAETANO,31,201505
20294088000109,BIOCOR HOSPITAL DE DOENCAS CARDIOVASCULARES LTDA,31,201505
20305447000186,INSTITUTO NOSSA SENHORA DO CARMO,31,201505
20313425000168,HOSPITAL SAO VICENTE DE PAULO,31,201505
20319257000118,CASA DE SAUDE SANTA ROSA LTDA,31,201505
20322616000196,CONFERENCIA SAO VICENTE DE PAULO-HOSPITAL DOM SILVERIO,31,200801
20328753000138,SANTA CASA DE MISERICORDIA DR ZACARIAS,31,201505
20342408000159,HOSPITAL OLYNTO ALMADA DA SSVP,31,200801
20345575000153,HOSPITAL WILKINSON DE SOUZA MEIRELES,31,200801
20347027000162,HOSPITAL NOSSA SENHORA DA PIEDADE,31,201505
20349312000112,ASSISTENCIA MEDICA INFANTIL DE URGENCIA LTDA,31,200801
20349767000138,PRONTOCOR MURIAE LTDA,31,200801
20351540000127,HOSPITAL COMUNITARIO DE LARANJAL,31,201505
20356580000161,HOSPITAL CASSIANO CAMPOLINA,31,201505
20375864000103,HSVP ADMINISTRACAO E SERVICOS EM SAUDE LTDA,31,201505
20377941000156,HOSPITAL E MATERNIDADE SANTA HELENA S A,31,201211
20397493000152,IRMANDADE SANTA CASA DE MISERICORDIA DE BOM JESUS DA PENHA,31,200801
20416210000172,SANTA CASA E MATERNIDADE NOSSA SENHORA DE FATIMA,31,201505
20420329000119,SANTA CASA DE MISERICORDIA DE STA RITA DE JACUTINGA,31,201505
20420568000179,HOSPITAL SAO VICENTE DE PAULO,31,201505
20420790000171,FUNDACAO MUNICIPAL DE SAUDE DE LIBERDADE,31,200801
20420857000178,ASSOCIACAO DE PROTECAO A MATERNIDADE E INFANCIA DE MINDURI,31,201505
20424706000198,HOSPITAL E MATERNIDADE SAO LUCAS PRIMAVERA LTDA EPP,51,201505
20432563000166,ASSOCIACAO DE PROTECAO A MAT E A INFANCIA DE EUGENOPOLIS,31,201505
20452280000186,SANTA CASA DE MISERICORDIA DE LIMA DUARTE,31,201505
20452959000175,SANTA CASA DE MISERICORDIA DE RIO NOVO,31,200801
20456406000190,ASSOCIACAO DE PROTECAO A INFANCIA DE VOLTA GRANDE,31,201203
20490009000135,HOSPITAL SAO JUDAS TADEU,31,201505
20499893000179,SANTA CASA DE CARIDADE DE FORMIGA,31,201505
20549879000132,SOCIEDADE AMIGOS HOSPITAL SAO FRANCISCO DE ASSIS,31,201505
20573218000142,HOSPITAL NOSSA SENHORA DE FATIMA,31,200801
20583431000135,PREFEITURA MUNICIPAL DE PARACATU,31,201502
20599890000107,HOSPITAL SAO LUCAS DE GOVERNADOR VALADARES LTDA,31,201505
20600763000180,HOSPITAL NOSSA SENHORA DAS GRACAS LTDA,31,201505
20653028000135,FUNDACAO HOSPITALAR SAO VICENTE DE PAULA,31,201505
20724357000120,ASSOCIACAO DE CARIDADE NOSSA SENHORA DO CARMO,31,201505
20729364000114,FUNDACAO HOSPITAL SERGIO PACHECO,31,200801
20739801000180,SANTA CASA DE CARIDADE DE GUARANESIA,31,201505
20754925000135,HOSPITAL DR ARMANDO XAVIER VIEIRA,31,201505
20772760000124,IRMANDADE DE MISERICORDIA DE GUAXUPE,31,201505
20854436000155,ASSOCIACAO BENEFICENTE HOSP ST RITA,31,201505
20878294000166,SANTA CASA DE MISERICORDIA DE ITAGUARA,31,201505
20917225000114,HOSPITAL SAO JOAO BATISTA DE ITAMOGI,31,201505
20918579000183,FUNDACAO MUNICIPAL DE SAUDE DE ESTRELA DO INDAIA,31,201505
20919452000189,SANTA CASA DE MISERICORDIA DE CARMO DA MATA,31,201505
20942819000185,HOSPITAL E MATERNIDADE SAO VICENTE DE PAULO,31,201505
20959292000100,IRMANDADE NOSSA SENHORA DAS DORES,31,200801
20974705000117,FUNDACAO DE ASSISTENCIA SOCIAL SANTANA DE AGUA BOA,31,201505
20974770000142,HOSPITAL SANTA MARIA ETERNA,31,201505
21028113000175,ASSOCIACAO HOSPITALAR SAO SEBASTIAO,31,201505
21035852000194,SANTA CASA DE MISERICORDIA DE ITAJUBA,31,201505
21040696000311,AISI HOSPITAL ESCOLA DE ITAJUBA,31,201505
21073234000139,ASSOCIACAO HOSPITAL BELIZARIO MIRANDA,31,201505
21074919000108,AMINAS ASSOCIACAO MINEIRA DE ASSISTENCIA A SAUDE,31,201505
21078126000159,ASSOCIACAO DOS AMIGOS DO HOSPITAL ITANHOMI AAHI,31,201505
21082433000103,HOSPITAL SAO VICENTE DE PAULO,31,201505
21083795000119,HOSPITAL SAO LUCAS DE ITABIRINHA DE MANTENA,31,201505
21084231000109,HOSPITAL MUNICIPAL SAO JOAO BATISTA,31,200801
21142203000192,ASSOCIACAO SAO VICENTE DE PAULO DE JOAO MONLEVADE MG,31,201505
21153960000161,HOSPITAL DE ITAMARANDIBA,31,201505
21163811000183,ASSOCIACAO PROTETORA DA INFANCIA DE ITAMBACURI,31,201505
21190194000105,CASA DE CARIDADE DE ITAMONTE,31,201505
21204276000161,CASA DE CARIDADE E ASSISTEN A MATERN E INFANCIA DE ITANHANDU,31,201505
21227301000122,HOSPITAL SANTA TEREZINHA,31,200801
21235213000172,SAO LUCAS CASA DE SAUDE LTDA,31,201505
21248752000146,FUNDACAO MINAS NOVAS,31,200801
21249081000138,AHSST ASSOCIACAO HOSPITALAR SAO SEBASTIAO DE TARUMIRIM,31,201505
21250584000123,IRMANDADE SAO VICENTE DE PAULO,31,201505
21251681000130,FUNDACAO MUNICIPAL DE SAUDE DE SAO JOAO EVANGELISTA,31,201505
21254057000197,CASA DE CARIDADE MANOEL GONCALVES DE SOUSA MOREIRA,31,201505
21276035000128,HOSPITAL DR NASCIPE DAHER,31,200801
21311667000185,HOSPITAL SAO JOAQUIM LTDA,31,200801
21320064000140,HOSPITAL SAO JOSE DA SOCIEDADE SAO VICENTE DE PAULO,31,201505
21324116000156,HOSPITAL NOSSA SENHORA DABADIA LTDA,31,201505
21330303000142,SANATORIO ESPIRITA JOSE DIAS MACHADO,31,201505
21333237000164,CEEMEPE CENTRO ESPECIALIDADES MEDICAS DE PESQUEIRA LTDA EPP,26,201505
21356597000181,HOSPITAL ADOLF ENSCH LTDA,31,200801
21368303000131,HOSPITAL E MATERNIDADE SAO VICENTE DE PAULO,31,200801
21376025000164,FUNDACAO MUNICIPAL DE ASSISTENCIA A SAUDE,31,201505
21381991000170,HOSPITAL CASA DE CARIDADE E MATERNIDADE DE CARMO DE MINAS,31,201505
21404082000100,SERVICOS DE OBRAS SOCIAIS DE LAMBARI,31,201505
21409198000131,HOSPITAL IMACULADA CONCEICAO,31,201505
21420617000136,HOSPITAL SAO VICENTE DE PAULO,31,201505
21420666000179,SANTA CASA DE MISERICORDIA DE CAMANDUCAIA,31,201505
21429659000138,SANTA CASA DE MISERICORDIA DE JACUTINGA,31,201505
21479183000140,CASA DE SAUDE SANTA IZABEL LTDA,31,201505
21528112000190,HOSPITAL SAO MIGUEL,31,201505
21537337000102,HOSPITAL MUNICIPAL ANTONIA GRAPIUNA,31,201505
21554423000123,INSTITUTO ONCOLOGICO LTDA,31,201505
21556063000107,SANATORIO VIEIRA MARQUES LTDA,31,201505
21561543000158,HOSPITAL DR JOAO FELICIO LTDA,31,201505
21561576000106,CASA DE SAUDE DR ARAGAO VILLAR LTDA,31,200801
21562855000186,CASA DE SAUDE ESPERANCA,31,201504
21575709000195,SANTA CASA DE MISERICORDIA DE JUIZ DE FORA,31,201505
21583042000172,HOSPITAL E MATERNIDADE THEREZINHA DE JESUS,31,201505
21586987000148,HOSPITAL SAO MARCOS SA,31,200801
21587373000180,CLINICA SAO DOMINGOS SA,31,200801
21589775000114,CLINICA PSIQUIATRICA PINHO MASINI LTDA,31,200801
21599824000108,ASSOCIACAO FEMININA DE PREVENCAO E COMBATE AO CANCER DE JF,31,201505
21657014000152,CLINICA SAO FRANCISCO DE ASSIS LTDA EPP,52,201505
22050330000124,FUNDACAO HOSPITALAR MENDES PIMENTEL,31,201505
22056741000127,IRMANDADE NOSSA SENHORA DAS GRACAS DOM JOAQUIM,31,201504
22057178000101,SOCIEDADE SAO VICENTE DE PAULO,31,201505
22057194000102,FUNDACAO MUNICIPAL DE SAUDE DE BERILO,31,201505
22073043000130,CASA DE SAUDE PAULO MENICUCCI,31,200801
22073266000105,SANTA CASA DE MISERICORDIA DE LAVRAS,31,201505
22073381000171,HOSPITAL VAZ MONTEIRO DE ASSISTENCIA A INFANCIA E A MATERNID,31,201505
22149165000162,CASA DE CARIDADE LEOPOLDINENSE,31,201505
22155709000107,CLINICA SAO JOSE LTDA,31,201505
22216477000141,HOSPITAL SENHORA APARECIDA,31,201505
22228571000110,IRMANDADE DA SANTA CASA DE CARIDADE DE MACHADO,31,201505
22263081000155,HOSPITAL CESAR LEITE,31,201505
22296115000108,HOSPITAL PADRE JULIO MARIA,31,201505
22323976000138,HOSPITAL SAO VICENTE DE PAULO,31,201505
22324693000100,HOSPITAL EVANGELICO DE MANTENA,31,201505
22351316000160,SOCIEDADE DE CARIDADE DE MAR DE ESPANHA,31,201505
22420830000100,FUNDACAO HOSPITAL SANTA TEREZINHA,31,201505
22488241000164,HOSPITAL SAO VICENTE DE PAULO DE MERCES,31,201505
22488241000245,HOSPITAL SAO VICENTE DE PAULO DE MERCES,31,201505
22532311000134,CASA DE CARIDADE SAO VICENTE DE PAULO,31,201505
22547947000150,SANTA CASA DE MONTE ALEGRE DE MINAS,31,201505
22605232000106,HOSPITAL SANTA TEREZINHA LTDA,31,201505
22628044000101,SANTA CASA DE MISERICORDIA DE MONTE SANTO,31,201505
22669915001956,ASSOCIACAO EDUCATIVA DO BRASIL SOEBRAS,31,201505
22669931000110,IRMANDADE NOSSA SENHORA DAS MERCES DE MONTES CLAROS,31,201505
22679153001030,PREFEITURA MUNICIPAL DE SAO FRANCISCO,31,201505
22708549000178,PREFEITURA MUNICIPAL DE ITAIPE,31,200801
22709109000216,BENEFICENCIA SOCIAL BOM SAMARITANO,31,201505
22709281000199,FUNDACAO HOSPITAL MUNICIPAL SANTA LUCIA,31,201505
22769855000114,HOSPITAL CASA DE CARIDADE SAO SEBASTIAO,31,201505
22780498000195,HOSPITAL SAO PAULO,31,201505
22790182000184,CASA DE SAUDE SANTA LUCIA LTDA,31,201505
22830020000122,IRMANDADE DA SANTA CASA DE MUZAMBINHO,31,201505
22855142000254,PREFEITURA MUNICIPAL DE MACHADINHO DOESTE,11,201412
22855159000201,MUNICIPIO DE CABIXI,11,201505
22855167000258,PREFEITURA MUNICIPAL,11,201505
22855183000240,PREFEITURA MUNICIPAL DE NOVA MAMORE,11,201505
22888846000142,SANTA CASA DE MISERICORDIA DE NEPOMUCENO,31,201505
22913347000168,ASSOCIACAO DE CARIDADE DE SAO JOSE,31,201505
22942965000136,HOSPITAL E MATERNIDADE DRAFONSO RODRIGUES FILHO LTDA,15,201504
22980973000177,FUNDACAO PUBLICA ESTADUAL HOSPITAL DE CLINICAS GASPAR VIANA,15,201505
22980973000258,CENTRO INTEGRADO ASSISTENCIA SOCIAL DO PARACIASPA,15,201504
22986442000191,IRMANDADE DA SANTA CASA DE MISERICORDIA DE OLIVEIRA,31,201505
23020456000119,CASA DE CARIDADE DE OURO FINO,31,201505
23065329000136,IRMANDADE DA SANTA CASA DE MISERICORDIA DE OURO PRETO,31,201505
23086176000294,SECRETARIA DE ESTADO DA SAUDE DO AMAPA,16,201502
23086176000375,SECRETARIA DE ESTADO DA SAUDE DO AMAPA,16,201502
23086176000456,SECRETARIA DE ESTADO DA SAUDE DO AMAPA,16,201502
23086176000707,SECRETARIA DE ESTADO DE SAUDE DO AMAPA,16,201502
23086176000880,SECRETARIA DE ESTADO DA SAUDE DO AMAPA,16,201502
23086176000960,SECRETARIA DE ESTADO DA SAUDE DO AMAPA,16,201502
23086176001002,SECRETARIA DE ESTADO DA SAUDE DO AMAPA,16,201501
23086176001266,SECRETARIA DE ESTADO DA SAUDE DO AMAPA,16,200902
23086176001347,SECRETARIA DE ESTADO DA SAUDE DO AMAPA,16,201502
23086176001509,SECRETARIA DE ESTADO DA SAUDE DO AMAPA,16,201502
23193485000182,HOSPITAL FREI CAETANO E MATERNIDADE SANTA TEREZA,31,201505
23221286000130,HOSPITAL DR PACIFICO MASCARENHAS,31,201505
23237142000172,HOSPITAL E MATERNIDADE SANTA RITA SA,31,201505
23245293000172,CASA DE CARIDADE DE PASSA QUATRO,31,201505
23278898000160,SANTA CASA DE MISERICORDIA DE PASSOS,31,201505
23347958000159,HOSPITAL SAO LUCAS LTDA,31,201505
23406564000124,IRMANDADE NOSSA SENHORA DO PATROCINIO,31,200801
23422728000107,HOSPITAL SANTO ANTONIO,31,201505
23430770000170,HOSPITAL SANTA MONICA LTDA,21,201505
23430945000149,HOSPITAL ESTER FARIA DE ALMEIDA,31,201505
23438096000170,SANTA CASA DE MISERICORDIA DE PEDRALVA,31,201505
23453830000170,INSTITUTO NACIONAL DE DESENVOLVIMENTO SOCIAL E HUMANO INDSH,31,201505
23479421000142,SANTA CASA DE MISERICORDIA DE PERDOES,31,201505
23503410000150,LUIS COELHO DA LUZ FILHO,22,200801
23516388000264,CIRCULO SOCIAL IMACULADA CONCEICAO,31,200801
23569502000133,IRMANDADE DE SANTA CASA DE MISERICORDIA DE PITANGUI,31,201505
23591126000183,SANTA CASA DE MISERICORDIA DE PIUMHI,31,201505
23618549000140,CASA DE SAUDE E MARTENIDADE DE COELHO NETO LTDA,21,200801
23624323000151,HOSPITAL LOCAL DE NAZARE DO PIAUI,22,200808
23633829000127,HOSPITAL FLAVIO SANTOS LTDA,22,201505
23647209000147,IRMANDADE DO HOSPITAL DA SANTA CASA DE POCOS DE CALDAS,31,201505
23672702000117,HOSPITAL JANDIRA DUAILIBE LTDA,21,200801
23674716000170,POLICLINICA MAIOBAO LTDA,21,200801
23701527000149,FUNDACAO BENEFICIENTE DE SAUDE E ASSTIENCIA SOCIAL,21,200801
23765183000131,SANTA CASA DE CARIDADE DE CAPITOLIO,31,201505
23778756000161,SANTA CASA DE MISERICORDIA DE POMPEU,31,201505
23798846000114,IRMANDADE HOSPITAL NOSSA SENHORA DAS DORES,31,201505
23951916000475,FUNDACAO ENSINO SUPERIOR DO VALE DO SAPUCAI,31,201505
23966476000187,HOSPITAL E MATERNIDADE SAO FRANCISCO,31,201505
23993579000136,HOSPITAL E MATERNIDADE HENRIQUE PENIDO SA,31,201505
24001463000136,SANTA CASA DE MISERICORDIA SAO VICENTE DE PAULO,31,201505
24009417000183,SANTA CASA DE MISERICORDIA DA PAROQUIA DE PRADOS,31,201505
24031080000100,FUNDACAO ITAU DE ASSISTENCIA SOCIAL,31,201505
24090409000104,HOSPITAL SAO SEBASTIAO DE RAUL SOARES,31,201505
24096836000108,CASA DE SAUDE E MATERNIDADE JOAO XXIII LTDA,26,200801
24098477000705,UNIVERSIDADE FEDERAL DA PARAIBA,25,201504
24134488000299,UNIVERSIDADE FEDERAL DE PERNAMBUCO,26,201505
24148454000172,EMELIANO TEIXEIRA LEITE,26,200801
24163453000105,HOSPITAL NOSSA SENHORA DA CONCEICAO RIO CASCA,31,201505
24177305000131,SOCIEDADE BENEFICIENTE NOSSA SENHORA DO BOM CONSELHO,27,201505
24223554000116,FUNDACAO MEDICA SAO JOAO DO CARIRI,25,201411
24232886005711,PRO-SAUDE ASSOC BENEF. DE ASSIST. SOCIAL E HOSPITALAR,35,200801
24232886008656,PROSAUDE ASSOCIACAO BENEFIC DE ASSIST SOCIAL E HOSPITALAR,41,201307
24232886009890,PRO SAUDE ASSOCIACAO BENEFICENTE DE ASSINT SOCIAL E HOSPIT,11,201412
24233322000149,ASSISTENCIA SOCIAL DE RIO PIRACICABA,31,201505
24258337000161,HOSPITAL SAO VICENTE DE PAULO RIO POMBA,31,201505
24287484000160,IRMANDADE SANTA IZABEL,31,201505
24288698000150,HOSPITAL JOAO CESAR DE OLIVEIRA,31,201505
24315681000145,SANTA CASA DE MISERICORDIA DE SABARA,31,201505
24331027000125,ASSOCIACAO DE CARIDADE HOSPITAL SAO SEBASTIAO,31,201505
24334112000147,SANTA CASA DE MISERICORDIA DE SACRAMENTO,31,201505
24365710001236,UNIVERSIDADE FEDERAL DO RIO GRANDE DO NORTE,24,201505
24365710001317,UNIVERSIDADE FEDERAL DO RIO GRANDE DO NORTE,24,201505
24365710001406,UNIVERSIDADE FEDERAL DO RIO GRANDE DO NORTE,24,201505
24378986000104,ASILO NOSSA SRA DO PERPETUO SOCORRO STA CASA N SRA MERCES,31,201505
24425019000148,HOSPITAL DE SAO JOAO DE DEUS,31,201505
24492324000152,FUNDACAO SANTARITENSE DE SAUDE E ASSISTENCIA SOCIAL,31,201505
24513574000393,FUNDO MUNICIPAL DE SAUDE DE CAMPINA GRANDE,25,201505
24518573000250,SECRETARIA MUNICIPAL DE SAUDE,24,201505
24518573000331,SECRETARIA MUNICIPAL DE SAUDE,24,201503
24546483000192,SANTA CASA DE MISERICORDIA DE SANTO ANTONIO DO MONTE,31,201505
24573438000127,HOSPITAL MISERICORDIA DE SANTOS DUMONT,31,201505
24618704000190,HOSPITAL NOSSA SENHORA DAS DORES,31,201505
24644494000105,ASSOCIACAO BENEFICENTE DE MARACAJU,50,201505
24665440000126,SANTA CASA DE MISERICORDIA DE SAO GONCALO DO SAPUCAI,31,201505
24672792000109,ASSOCIACAO MATOGROSSENSE DE COMBATE AO CANCER AMCC,51,201505
24729097000136,SANTA CASA DA MISERICORDIA,31,201505
24731747000188,HOSPITAL NOSSA SENHORA DAS MERCES,31,201505
24786576000194,ORGANIZACAO HOSPITAL GARAVELO LTDA,52,201505
24802225000120,ASSOCIACAO CARIDADE SAO JOAO NEPOMUCENO,31,201505
24823916000100,HOSPITAL ANGELICA LTDA,52,200801
24824195000152,HOSPITAL DA FUNDACAO CASA DE CARIDADE DE SAO LOURENCO,31,201505
24856627000107,PREFEITURA MUNICIPAL DE FORMOSA,52,200801
24872459000143,FUNDACAO JOSE PERES,31,200801
24899395000174,SANTA CASA DE MISERICORDIA DE SAO SEBASTIAO DO PARAISO,31,201505
24899874000190,FUNDACAO SANATORIO GEDOR SILVEIRA,31,201505
24949836000103,FUNDACAO REGIONAL DE ASSISTENCIA OFTALMOLOGICA,53,200910
24957508000140,LUIS GABRIEL LEITE DA SILVA,51,200801
24966160000158,ASSOCIACAO DE CARIDADE SAO JOAO DE DEUS,31,201501
24975237000156,CASA DE CARIDADE SANTA TEREZA,31,201505
24993560000152,IRMANDADE DE NOSSA SENHORA DAS GRACAS,31,201505
25043571000215,PREFEITURA MUNICIPAL DE MONTIVIDIU,52,200801
25053117001489,TOCANTINS SECRETARIA DE ESTADO DA SAUDE,17,201505
25053117001560,TOCANTINS SECRETARIA DE ESTADO DA SAUDE,17,201505
25053117002450,TOCANTINS SECRETARIA DE ESTADO DA SAUDE,17,201505
25053117002965,TOCANTINS SECRETARIA DE ESTADO DA SAUDE,17,201505
25053117003180,TOCANTINS SECRETARIA DE ESTADO DA SAUDE,17,201505
25053117004828,TOCANTINS SECRETARIA DE ESTADO DA SAUDE,17,201505
25053117004909,TOCANTINS SECRETARIA DE ESTADO DA SAUDE,17,201505
25053117005042,TOCANTINS SECRETARIA DE ESTADO DA SAUDE,17,201505
25053117005123,TOCANTINS SECRETARIA DE ESTADO DA SAUDE,17,201505
25053117005204,TOCANTINS SECRETARIA DE ESTADO DA SAUDE,17,201505
25053117005395,TOCANTINS SECRETARIA DE ESTADO DA SAUDE,17,201505
25053117005476,TOCANTINS SECRETARIA DE ESTADO DA SAUDE,17,201505
25053117005557,TOCANTINS SECRETARIA DE ESTADO DA SAUDE,17,201505
25053117005638,TOCANTINS SECRETARIA DE ESTADO DA SAUDE,17,201505
25053117005808,TOCANTINS SECRETARIA DE ESTADO DA SAUDE,17,201505
25053117005980,TOCANTINS SECRETARIA DE ESTADO DE SAUDE,17,200801
25053117006014,TOCANTINS SECRETARIA DE ESTADO DA SAUDE,17,201505
25053117006103,TOCANTINS SECRETARIA DE ESTADO DA SAUDE,17,201505
25053117006286,TOCANTINS SECRETARIA DE ESTADO DA SAUDE,17,201505
25053117006367,TOCANTINS SECRETARIA DE ESTADO DA SAUDE,17,201505
25104902000107,ASSOCIACAO HOSPITALAR SANTA ROSALIA,31,201505
25112574000182,ASSOCIACAO BENEFICENTE BOM SAMARITANO,31,201505
25134453000131,HOSPITAL DA CRIANCA DE ANAPOLIS LTDA,52,200801
25213869000145,FUND MUNICIPAL DE SAUDE DE BURITIZEIRO,31,200801
25222761000119,HOSPITAL SAO SEBASTIAO,31,201502
25268012000122,SANTA CASA DE MISERICORDIA DO HOSP SAO FRANCISCO DE ASSIS,31,201505
25297912000106,CASA DE SAUDE SAO LUCAS LTDA,31,201505
25335670000190,IRMANDADE NOSSA SENHORA DA SAUDE,31,201505
25335803000128,ASSOCIACAO BENEFICIENTE CATOLICA,31,201505
25421421000117,CASA DE SAUDE SAO JOSE LTDA,31,201505
25434366000108,HOSPITAL VERA CRUZ LTDA,31,200808
25437484000242,UNIVERSIDADE FEDERAL DO TRIANGULO MINEIRO,31,201505
25437948000130,ASSOCIACAO PORTUGUESA DE BENEFICENCIA 1 DE DEZEMBRO,31,201505
25438409000115,ASSOCIACAO DE COMBATE AO CANCER DO BRASIL CENTRAL,31,201505
25440199000108,HOSPITAL DA CRIANCA,31,201505
25445347000250,CENTRO ESPIRITA UBERABENSE,31,201505
25447731000100,HOSPITAL SANTA LUCIA DE UBERABA LTDA,31,200802
25452301000500,SOCIEDADE EDUCACIONAL UBERABENSE UNIUBE,31,201505
25459256000192,FUNDACAO DE ASSISTENCIA INTEGRAL A SAUDE,31,201505
25647611000157,CLINICA INFANTIL DOM BOSCO LTDA,31,201505
25653916000171,FUNDACAO ASSISTENCIAL DE SAUDE DE LAVRAS,31,200801
25654385000131,CASA DE SAUDE SANTA MARTA S A,31,201505
25760422000196,HOSPITAL SANTA CATARINA SA,31,201505
25763673000981,FUNDACAO DE ASSISTENCIA ESTUDO E PESQUISA DE UBERLANDIA,31,201301
25763673000981,FUNDACAO DE ASSISTENCIA ESTUDO E PESQUISA DE UBERLANDIA,31,201505
25766262000192,HOSPITAL E MATERNIDADE SAO FRANCISCO DE PAULA LTDA,31,200801
25863390000154,HOSPITAL REGIONAL DO SUL DE MINAS,31,201505
25945403000134,CASA DE CARIDADE DE VICOSA,31,201505
25984469000133,HOSPITAL E MATERNIDADE VIRGILIO ROSA LTDA,31,201505
26001230000169,ASSOCIACAO BENEFICENTE SAO JOAO BATISTA,31,201505
26145631000192,HOSPITAL SAO SEBASTIAO DE RECREIO,31,201505
26150979000178,FUNDACAO FILANTROPICA E BENEF DE SAUDE ARNALDO GAVAZA FILHO,31,201505
26202168000173,ASSOCIACAO HOSPITALAR NOSSA SENHORA DOS ANJOS,31,201505
26217349000173,HOSPITAL NOSSA SENHORA DAS NEVES,31,200801
26643296000152,PREFEITURA MUNICIPAL DE ANAPOLIS,52,201410
26762526000100,CENTRO MEDICO CIRURGICO SANTA CLARA LTDA,52,200801
26783498000108,VALDIVINO BARBOSA PERES,51,200805
26860593000150,HOSPITAL SAO JUDAS TADEU LTDA,50,201505
26878439000105,HOSPITAL SAO BERNARDO LTDA,52,201505
26989350023248,PREFEITURA MUNICIPAL DE CARACARAI,14,201306
27002674000181,CONFERENCIA DE SAO VICENTE DE PAULO,32,201505
27021104000139,IRMANDADE DO HOSPITAL SAO JUDAS TADEU DE GUARAPARI,32,200801
27037969000193,CASA DE CARIDADE SAO JOSE,32,201505
27080605000277,SECRETARIA DE ESTADO DA SAUDE DO ESPIRITO SANTO,32,201505
27080605000358,SECRETARIA DE ESTADO DA SAUDE DO ESPIRITO SANTO,32,201505
27080605000862,SECRETARIA ESTADUAL DE SAUDE SESA,32,201505
27080605000943,SECRETARIA DE ESTADO DA SAUDE DO ESPIRITO SANTO,32,201505
27080605001087,SECRETARIA DE ESTADO DA SAUDE DO ESPIRITO SANTO,32,201505
27080605001168,SECRETARIA DE ESTADO DA SAUDE DO ESPIRITO SANTO,32,201505
27080605001400,SECRETARIA DE ESTADO DA SAUDE DO ESPIRITO SANTO,32,201505
27080605001591,INSTITUTO ESTADUAL DE SAUDE PUBLICA,32,201505
27080605001672,SECRETARIA DE ESTADO DA SAUDE DO ESPIRITO SANTO,32,201505
27080605001834,HOSPITAL DOUTOR JOAO DOS SANTOS NEVES,32,201505
27080605002059,SECRETARIA DE ESTADO DA SAUDE DO ESPIRITO SANTO,32,201505
27080605002210,HOSPITAL DR BENICIO TAVARES PEREIRA,32,201505
27080605002300,SECRETARIA DE ESTADO DA SAUDE DO ESPIRITO SANTO,32,201505
27080605002482,SECRETARIA DE ESTADO DA SAUDE,32,201505
27081629000160,SANTA CASA DE MISERICORDIA JESUS MARIA JOSE,32,201505
27091651000190,FUNDACAO MEDICO ASSISTENCIAL DO TRABALHADOR RURAL DE PANCAS,32,201505
27097229001033,MOVIMENTO DE EDUCACAO PROMOCIONAL DO ESPIRITO SANTO,32,201504
27108380000139,FUNDACAO HOSPITAL MATERNIDADE SAO CAMILO,32,201502
27124437000193,HOSPITAL PADRE OLIVIO,32,201505
27130145000163,FUNDACAO MEDICA ASSISTTRABRURAL DE APIACA,32,200801
27155761000250,OBRAS SOCIAIS DA COMUNIDADE DE VINHATICO,32,201505
27165554000448,PREFEITURA MUNICIPAL DE VILA VELHA,32,201505
27187087000104,SANTA CASA DE MISERICORDIA DE CACHOEIRO DE ITAPEMIRIM,32,201505
27187087000295,SANTA CASA DE MISERICORDIA DE CACHOEIRO DE ITAPEMIRIM,32,201505
27187301000122,CLINICA DE REPOUSO SANTA IZABEL LTDA,32,201505
27189505000445,INSTITUTO ESTADUAL DE SAUDE PUBLICA,32,200801
27189505001174,SECRETARIA ESTADUAL DE SAUDE SESA,32,200801
27189505001336,HOSPITAL SAO JOSE - IESP,32,200801
27189505001506,INSTITUTO ESTADUAL DE SAUDE PUBLICA IESP,32,200809
27192590000158,HOSPITAL INFANTIL FRANCISCO DE ASSIS,32,201505
27192590000581,HOSPITAL INFANTIL FRANCISCO DE ASSIS,32,201505
27193705000129,HOSPITAL EVANGELICO DE CACHOEIRO DE ITAPEMIRIM,32,201505
27193705000390,HOSPITAL EVANGELICO DE CACHOEIRO DE ITAPEMIRIM,32,201505
27285725000120,FUNDACAO MEDICO ASSISTENCIAL DO TRABALHADOR RURAL,32,201505
27443803000177,HOSPITAL PADRE MAXIMO,32,201505
27443985000186,SANTA CASA DE MISERICORDIA DE CASTELO,32,200801
27490614000155,CASA DE SAUDE SANTA MARIA SA,32,201505
27553841000182,SOCIEDADE CIVIL SANTA CASA DE IUNA,32,201505
27638436000248,SOCIEDADE BENEFICENTE E CULTURAL DE MONTANHA,32,201505
27658129000148,FHASDOMAR FUND HOSP E ASSIST SOCIAL DE DOMINGOS MARTINS,32,201505
27686179000139,SANTA CASA DE MISERICORDIA DE GUACUI,32,201505
27715861000102,CASA DE SAUDE E MATERNIDADE N S DA CONCEICAO LTDA,32,200801
27727452000207,ASSOCIACAO DE BENEFICENCIA E CULTURA DE JOAO NEIVA,32,201504
27764554000111,INSTITUICAO FREDERICO LEOMIL,33,201505
27836329000143,FUNDACAO BENEFICENTE RIO DOCE,32,201505
27868835000114,HOSPITAL APOSTOLO PEDRO,32,201505
27918267000119,SOCIEDADE DE AMPARO A MATERNIDADE E A INFANC IA,32,201505
27993427000275,CASA NOSSA SENHORA APARECIDA,32,201505
28137925000106,AFECC ASSOCIACAO FEMININA EDUCACAO COMBATE CANCER,32,201505
28141190000267,IRMANDADE DA SANTA CASA DE MISERICORDIA,32,201505
28143964000108,ASSOCIACAO BENEFICENTE PRO MATRE DE VITORIA,32,201505
28153476000181,CLINICA DE ACIDENTADOS DE VITORIA LTDA,32,201505
28160836000172,HOSPITAL PEDIATRICO DE VITORIA,32,200801
28394369000145,MATERNIDADE PRONTO SOCORRO NOSSA SENHORA DA PENHA LTDA,32,201505
28404382000138,HOSPITAL MATERNIDADE SANTA HELENA,32,200801
28483261000129,ASSOCIACAO DOS FUNCIONARIOS PUBLICOS DO ESP SANTO,32,200901
28503308000179,IRMANDADE DA SANTA MISERICORDIA DE ANGRA DOS REIS,33,201505
28523215000378,HOSPITAL UNIVERSITARIO ANTONIO PEDRO,33,201505
28528891000172,CASA DE CARIDADE ARARUAMA,33,200801
28531762000800,HOSPITAL MUNICIPAL PREFEITO ARMANDO DA SILVA CARVALHO,33,200801
28567618000157,HOSPITAL E MATERNIDADE CRISTO REI,32,201505
28572311000144,CASA DE CARIDADE SANTA RITA,33,201505
28574523000160,CENTRO ESPIRITA PAI JOSE CAMBINDA,33,201505
28576387000148,CLINICA ENGENHEIRO PAULO DE FRONTIN LTDA,33,200801
28580694001174,SECRETARIA MUNICIPAL DE SAUDE MENDES,33,201202
28606630003572,SECRETARIA MUNCIPAL DE SAUDE,33,200801
28606630004706,SECRETARIA MUNICIPAL DE SAUDE,33,200801
28616456000108,ASSOCIACAO HOSPITALAR SAO JOAO DE SANTA MARIA MADALENA,33,201504
28636579002065,SECRETARIA MUNICIPAL DE SAUDE DE SAO GONCALO,33,201505
28636579002146,SECRETARIA MUNICIPAL DE SAUDE DE SAO GONCALO,33,201505
28636579002227,SECRETARIA MUNICIPAL DE SAUDE DE SAO GONCALO,33,201505
28636579002308,SECRETARIA MUNICIPAL DE SAUDE DE SAO GONCALO,33,201505
28646628000188,ASSOCIACAO HOSPITALAR SAO SEBASTIAO DO ALTO,33,201505
28683712000171,SANTA CASA DE MISERICORDIA DE BARRA MANSA,33,201505
28692606000154,CLINICA VALE DO PARAIBA LTDA,33,201505
28741098000580,PREFEITURA MUNICIPAL DE SILVA JARDIM,33,201505
28791671000137,SANTA CASA DE BOM JARDIM,33,201505
28812576000334,CENTRO POPULAR PROMELHORAMENTOS DE BOM JESUS,33,201505
28847176000100,CLINICA SANTA HELENA LTDA,33,201505
28902229000130,IRMANDADE DE MISERICORDIA DE SAO JOAO DA BARRA,33,201505
28912228000177,ASSOCIACAO HOSPITALAR DE CAMBUCI,33,201407
28930451000147,INSTITUTO DE DOENCAS NERVOSAS E MENTAIS LTDA,33,201505
28947885000230,ASSOCIACAO FLUMINENSE DE ASSIST A MULHER CRIANCA E AO IDOSO,33,201505
28952018000102,CASA DE SAUDE IMACULADA CONCEICAO LTDA,33,201203
28961084000149,SOCIEDADE PORTUGUESA DE BENEFICENCIA DE CAMPOS,33,201505
28963932000159,LIGA ESPIRITA DE CAMPOS MANT DO HOSP ABRIGO J VIANA,33,201505
28963981000191,SANTA CASA DE MISERICORDIA DE CAMPOS,33,201505
28964252000150,FUNDACAO BENEDITO PEREIRA NUNES,33,200801
29063294000182,SERVICO AUTONOMO HOSPITALAR,33,201505
29081924000141,CASA DE SAUDE CANANEIA LTDA,33,201505
29086543000155,Y A PENHA E CIA LTDA,33,200801
29113024000139,CLINICA DE REPOUSO ITABAPOANA LTDA,33,201410
29113446000104,CASA DE SAUDE BOM JESUS LTDA,33,200906
29128766002777,SMSS CACHOEIRAS DE MACACU,33,200801
29130143000108,INSTITUTO DE CARDIOLOGIA SAO MIGUEL,33,201505
29138278003208,HOSPITAL GERAL DE NOVA IGUACU,33,201505
29138286000158,SECRETARIA MUNICIPAL DE SAUDE DE NILOPOLIS,33,200801
29138302001265,SMS ITAGUAI,33,201409
29138310001120,SECRETARIA MUNICIPAL DE SAUDE MANGARATIBA,33,200801
29138328001556,SMS DUQUE DE CAXIAS,33,200801
29138328001637,MUNICIPIO DE DUQUE DE CAXIAS,33,201505
29138328001718,SMS DUQUE DE CAXIAS,33,200801
29138344001549,HOSPITAL ALCIDES CARNEIRO,33,200801
29138351001117,SECRETARIA MUNICIPAL DE SAUDE DE MAGE,33,201505
29138351001206,SECRETARIA MUNICIPAL DE SAUDE DE MAGE,33,201505
29139110000110,CLINICA GERIATRICA DO VILAR LTDA,33,200801
29205994000164,CASA DE SAUDE SAO JUDAS TADEU LTDA,33,200801
29236841000184,HOSPITAL DE CANTAGALO,33,201505
29237088000141,HOSPITAL ANTONIO CASTRO,33,201505
29251097000197,INSTITUTO DE MED NUCLEAR E ENDOCRINOLOGIA LTDA,33,201505
29259280000139,HOSPITAL NOSSA SENHORA DO CARMO,33,201505
29428588000160,SANATORIO DUQUE DE CAXIAS,33,200801
29435005005600,ESHO EMPRESA DE SERVICOS HOSPITALARES S A,41,201412
29445632000140,ASSOC DE PROT E ASSIST E MATERN E A INFANCIA DE QUATIS,33,201505
29468055000293,SMS RIO HOSPITAL MUNICIPAL SOUZA AGUIAR AP 10,33,201505
29468055000374,SMS RIO HOSPITAL MUNICIPAL MIGUEL COUTO AP 21,33,201505
29468055000455,SMS RIO HOSPITAL MUNICIPAL SALGADO FILHO AP 32,33,201505
29468055000536,SMS RIO HOSPITAL MUNICIPAL PAULINO WERNECK AP 31,33,201505
29468055000617,SMS RIO HOSPITAL MATERNIDADE FERNANDO MAGALHAES AP 10,33,201505
29468055000706,SMS RIO MATERNIDADE HERCULANO PINHEIRO AP 33,33,201505
29468055000889,SMS RIO HOSPITAL MUNICIPAL JESUS AP 22,33,201505
29468055000960,SMS RIO HOSPITAL MUNICIPAL NOSSA SENHORA DO LORETO AP 31,33,201505
29468055001001,SMS RIO HOSPITAL MUNICIPAL SALLES NETTO,33,200801
29468055001184,SMS RIO HOSPITAL MUNICIPAL ROCHA MAIA AP 2 1,33,201505
29468055001265,SMS RIO HOSPITAL MUNICIPAL BARATA RIBEIRO AP 1 0,33,201505
29468055001346,SMS RIO HOSPITAL MUNCIPAL LOURENCO JORGE AP 40,33,201505
29468055001508,SMS RIO CMS MANOEL ARTHUR VILLABOIM AP 10,33,201505
29468055001699,SMS RIO HOSP MUN DE GERIAT E GERONT MIGUEL PEDRO AP 22,33,201505
29468055008944,SMS RIO HOSPITAL MATERNIDADE OSWALDO NAZARETH,33,200801
29468055009088,SMS RIO MATERNIDADE CARMELA DUTRA AP 32,33,201505
29468055009169,SMS RIO MATERNIDADE ALEXANDER FLEMING AP 33,33,201505
29468055009673,SMS RIO HOSPITAL MUNICIPAL RONALDO GAZOLLA AP 33,33,201505
29546827000187,CLINICA SAO JOAO BATISTA LTDA,33,200801
29584026000106,CENTRO PEDIATRICO JOAO XXIII LTDA,33,200801
29589124000136,SAME SOCIEDADE DE ASSISTENCIA MEDICA ESPECIALIZADA LTDA,33,200801
29619822000137,CASA DE SAUDE JOAO XXIII LTDA,33,201505
29635802000150,CASA DE SAUDE E MATERNIDADE SANTA THEREZINHA LTDA,33,200801
29644622000134,CLINICA SAO CAMILO DE LELIS LTDA,33,200801
29644705000123,ASSOCIACAO SANTO ANTONIO DOS POBRES DE ITAPERUNA,33,201505
29655214000188,CASA DE SAUDE NOSSA SENHORA DA CONCEICAO LTDA,33,201408
29700143000198,LIGA BENEFICIENTE SAO JOAO BATISTA DE MACAE,33,200801
29766003000112,POLICLINICA SANTO ALEIXO LTDA,33,200801
29766201000186,CASA DE SAUDE NOSSA SENHORA DA PIEDADE MAGE SA,33,200801
29828969000137,CLINICA DR WALTER GOMES FRANCKLIN SC LTDA,33,201505
29856499000115,HOSPITAL DE MIRACEMA,33,201505
29856556000166,ORGANIZACOES MEDICAS NORTE FLUMINENSE LTDA,33,201410
29885506000107,CAIXA DOS POBRES DE NATIVIDADE,33,201505
29885530000146,ASSOCIACAO HOSPITALAR SAO SEBASTIAO DE VARRESAI,33,200801
30055677000198,CASA DE SAUDE ALFREDO NEVES LTDA,33,201505
30079222000102,HOSPITAL OFTALMOLOGICO SANTA BEATRIZ LTDA,33,201505
30079479000164,PROCORDIS SA,33,201409
30080477000195,CLINICA SANTA JULIANA,33,200801
30098479000101,CLINICA DE REPOUSO EGO LTDA,33,201505
30130942000155,CASA DE SAUDE E MATERNIDADE DR ONTIVEIROS LTDA,33,200801
30477954000150,CLINICA DAS AMENDOEIRAS LTDA,33,200801
30537740000122,CASA DE SAUDE SAO LUCAS SA,33,201505
30538011000190,CLINICA DE REPOUSO SANTA LUCIA LTDA,33,201505
30590574000128,IRMANDADE DE SANTA IZABEL DE CABO FRIO,33,201505
30594865000194,CLISSIL CLINICA SAO SILVESTRE LTDA,33,200801
30597223000149,FUNDACAO MEDICA HOSPITALAR SAO SILVESTRE,33,201504
30749410000109,HOSPITAL DE CLINICAS INFANTIL,33,200801
30753792000136,CASA DE SAUDE E MATERNIDADE BELFORD ROXO LTDA,33,201505
30768782000174,CASA DE SAUDE BOM PASTOR LTDA,33,200801
30792527000167,CASA DE SAUDE E MATERNIDADE XV DE AGOSTO LTDA,33,201505
30792683000128,ASSOCIACAO DE CARIDADE HOSPITAL IGUACU,33,200801
30961882000112,ASSOCIACAO BENEFICENTE FERROVIA ESTR FERRO VITORIA A MINAS,32,200801
31080468000167,IRMANDADE NOSSA SENHORA DA PIEDADE,33,201505
31138217000196,SANATORIO DE CORREAS LTDA,33,201505
31141856000100,SANATORIO OSWALDO CRUZ LTDA,33,201505
31146863000103,CASA DE SAUDE SANTA MONICA LTDA,33,201505
31146863000286,CASA DE SAUDE SANTA MONICA LTDA,33,200801
31153067000190,HOSPITAL MUNICIPAL DR NELSON DE SA EARP,33,200801
31158223000105,CLINICA SOLAR PEDRAS BRANCAS LTDA,33,200801
31424245000170,CASA DE CARIDADE DE PIRAI,33,201505
31431679000105,ASSOCIACAO HOSPITAL DE PORCIUNCULA,33,201505
31460017000155,SANTA CASA DE MISERICORDIA DE RESENDE,33,201505
31460108000190,ASSOCIACAO DE PROTECAO A MATERNIDADE E A INFANCIA DE RESENDE,33,201505
31475478000100,FUND M A TRAB RURAL DE ITARANA,32,201505
31517345000140,HOSPITAL COLONIA DE RIO BONITO,33,200801
31517493000165,HOSPITAL REGIONAL DARCY VARGAS,33,201505
31575483000186,ASSOCIACAO DE A S DE RIO DAS FLORES,33,200801
31591910000110,CASA DE SAUDE E MATERNIDADE SANTA MONICA LTDA,33,200801
31592264000105,CASA DE SAUDE PIO XII LTDA,33,200801
31634918000116,ASSOCIACAO HOSPITALAR ARMANDO VIDAL,33,201505
31635907000150,CASA DE SAUDE SAO LUCAS LTDA,33,200801
31666548000107,NANCI E CIA LTDA,33,201505
31671480000146,CLINICA SAO GONCALO LTDA,33,200801
31684384000132,CASA DE SAUDE SANTA LUCIA LTDA,33,200801
31686892000150,CASA DE SAUDE NOSSA SENHORA DAS NEVES,33,200801
31690019000130,CLINICA SANTA CATARINA LTDA,33,201505
31708639000150,CLINICA SANTA PAULA SA,33,201410
31710304000176,CASA DE SAUDE MENINO DEUS SA,33,201410
31715543000119,CASA DE SAUDE E MATERNIDADE SANTA MARIA SA,33,200801
31723489000153,HOSPITAL SAO MIGUEL SA,33,201504
31728710000166,CASA DE SAUDE E MATERNIDADE MODELO LTDA,33,200801
31731458000144,CLINICA NOSSA SENHORA DAS VITORIAS LTDA,33,201505
31928260000155,CASA DE SAUDE E MATERNIDADE SAO JOSE LTDA,33,200801
31930977000131,PROSIM CASA DE SAUDE E PRONTO SOCORRO INFANTIL MERITI LTDA,33,201505
31931157000164,ASSOCIACAO DE CARIDADE HOSPITAL SAO JOAO DE MERITI,33,201505
31935349000149,CASA DE SAUDE VILAR DOS TELES,33,200801
32103673000163,MISSAO DE SAO PEDRO,33,201504
32185605000190,HOSPITAL NOSSA SENHORA DA SAUDE,33,201505
32190092000378,FESO FUNDACAO EDUCACIONAL SERRA DOS ORGAOS,33,201505
32295503000128,CLINICA DE REPOUSO TRES RIOS,33,201505
32319972000130,FUNDACAO PRO INSTITUTO DE HEMATOLOGIA DO RIO DE JANEIRO,33,201505
32352403000196,ASSOCIACAO HOSPITAL SANTA ISABEL,33,201505
32352809000179,ASSOCIACAO DA CASA DE CARIDADE DE CONSERVATORIA,33,201505
32353393000103,IRMANDADE DA SANTA CASA DA MISERICORDIA DE VALENCA,33,201505
32410920000174,CASA DE SAUDE NOSSA SENHORA APARECIDA DE PARACAMBI LTDA,33,201505
32411738000138,IRMANDADE DOS POBRES DE ENGENHEIRO PAULO DE FRONTIN,33,201505
32414435000179,HOSPITAL PARACAMBI LTDA,33,201505
32467144000149,FUNDACAO MIGUEL PEREIRA,33,201505
32479164000130,HOSPITAL UNIVERSITARIO CASSIANO ANTONIO MORAES UFES,32,201505
32491672000133,HOSPITAL EVANGELICO REGIONAL LTDA,33,200801
32501272000161,CASA DE SAUDE VOLTA REDONDA SOB INTERVENCAO,33,200801
32513459000185,HOSPITAL JARDIM AMALIA LTDA,33,201505
32531279000126,CASA DE SAUDE VILA PARAISO LTDA,33,200801
32556060002397,FUNDACAO MUNICIPAL DE SAUDE DE NITEROI,33,201505
32556060002710,FUNDACAO MUNICIPAL DE SAUDE DE NITEROI,33,201505
32556060002800,FUNDACAO MUNICIPAL DE SAUDE DE NITEROI,33,201505
32556060003288,FUNDACAO MUNICIPAL DE SAUDE DE NITEROI,33,201505
32556060003369,FUNDACAO MUNICIPAL DE SAUDE DE NITEROI,33,201505
32558199000164,CENTRO INTERDISCIPLINAR DE ESTUDOS UNIVERSITARIOS,33,201204
32652380000135,HOSPITAL BOM JESUS DE NAZARE,29,201505
32728420000266,ASSOC ASSIST PROT A MATERNIDADE INF DE RIACHUELO,28,201105
32784456000186,ASS DE BENEFICIENCIA SAO FRANCISCO,28,200801
32784571000150,ASSOCIACAO COMUNITARIA N SRA DO DESTERRO,28,201505
32944118000164,FUNDACAO DE SAUDE COMUNITARIA DE SINOP,51,201505
32944118000326,FUNDACAO DE SAUDE COMUNITARIA DE SINOP,51,201505
32968331000106,PRONTO SOCORRO HOSPITAL E MATERNIDADE MUNICIPAL,51,201411
32987802000123,PETRUCCI E DAL MORO LTDA,51,200801
33003005000127,PREFEITURA MUNICIPAL DE CAMPINAPOLIS,51,201502
33004540000283,FUNDACAO UNVERSIDADE FEDERAL DE MATO GROSSO,51,200901
33245556000105,CLINICA JARDIM AMERICA LTDA,33,201505
33282617000104,SANATORIO RIO DE JANEIRO LTDA,33,201505
33322546000118,HOSPITAL DE QUEIMADURAS LTDA,52,200801
33371501000133,AMERICLIN LTDA,33,200801
33458118000117,CASA DE SAUDE E MATERNIDADE NOSSA SENHORA DAS GRACAS LTDA,33,201505
33501214000109,CLINICA DA GAVEA SA,33,200801
33540014001714,UERJ HUPE HOSPITAL UNIVERSITARIO PEDRO ERNESTO,33,201505
33541368027073,COMPANHIA HIDRO ELETRICA DO SAO FRANCISCO,29,201505
33543356002093,ASSOCIACAO FRANCO BRASILEIRA,42,201505
33543356002336,SOCIEDADE FRANCO BRASILEIRA,42,200801
33570052002953,ASSOCIACAO SAO VICENTE DE PAULO,33,200801
33609504002025,SCMRJ SANTA CASA HOSP N S DA SAUDE HOSPITAL DA GAMBOA,33,201505
33609504002378,SANTA CASA DA MISERICORDIA RJ MORDOMIA HOSPITAL N S DAS DORE,33,201505
33609504002459,SCMRJ SANTA CASA HOSPITAL SAO ZACHARIAS,33,201505
33609504003854,SANTA CASA DA MISERICORDIA DO RJ HOSPITAL GERAL,33,200801
33621095000110,ORGANIZACAO HOSPITALAR MAE CELESTE LTDA,52,200801
33621384198202,CAMPANHA NACIONAL DE ESCOLAS DA COMUNIDADE,43,200801
33633629000128,ASSOCIACAO PRO MATRE,33,200801
33657222000130,ASSOCIACAO ESPIRITA OBREIROS DO BEM,33,201505
33663683000388,UFRJ HOSPITAL ESCOLA SAO FRANCISCO DE ASSIS,33,200808
33663683002089,UFRJ INSTITUTO DE GINECOLOGIA,33,201505
33663683002240,UFRJ INSTITUTO DE NEUROLOGIA DEOLINDO COUTO,33,201502
33663683002593,INSTITUTO DE PSIQUIATRIA DA UFRJ IPUB,33,201505
33663683002674,UFRJ INST DE PUER PED MARTAGAO GESTEIRA,33,201505
33663683005266,UFRJ MATERNIDADE ESCOLA,33,201505
33663683005347,UFRJ HOSPITAL UNIVERSITARIO CLEMENTINO FRAGA FILHO,33,201505
33726472000770,SOCIEDADE DE ASSISTENCIA E CULTURA SAGRADO CORACAO DE JESUS,35,201505
33726472001319,SOCIEDADE DE ASSISTENCIA E CULTURA SAGRADO CORACAO DE JESUS,33,201505
33726779000186,CASA DE SAUDE REPUBLICA CROACIA,33,200801
33754300000115,ASSOCIACAO BENEFICENTE RITA ANTONIA MACIEL GODOY,50,201505
33781055001026,INSTITUTO NACIONAL DE INFECTOLOGIA EVANDRO CHAGAS,33,201505
33789850000765,CONGREGACAO DAS SERVAS DE MARIA REPARADORAS,42,201505
33796681000367,ASSOCIACAO HOSPITALEIRA DE ASSISTENCIA SOCIAL,35,201505
33816794000204,ASS BRAS ASSIST CANC HOSP MARIO KROEFF,33,201505
33831322000131,ACAO CRISTA VICENTE MORETTI,33,201505
33833690000119,CLINICA DE REPOUSO SANTA EDWIGES LTDA,33,200801
33875865000150,HOSPITAL DE TRAUMATOLOGIA E ORTOPEDIA LTDA,29,201503
33892266000145,CASA DE SAUDE GABINAL LTDA,33,200801
33921495000493,ALCLIN HOSPITAL DE OLHOS ANDRE LAVGNE LTDA,29,201505
33932567000155,ASSISTENCIA MEDICO HOSPITALAR SAO JORGE,33,201505
34023077000280,HOSPITAL UNIVERSITARIO GAFFREE E GUINLE,33,201505
34161232000305,CASA DE SAUDE DR EIRAS DE PARACAMBI,33,200801
34258665000111,HOSPITAL SAO PAULO LTDA ME,29,200912
34293662000119,SEMEL SERVICOS MEDICOS LEOPOLDINENSE LTDA SC,33,200801
34402180000150,AFONSO E VASCONCELOS LTDA,29,200801
34570820000130,FUNDACAO CENTRO DE CONTROLE DE ONCOLOGIA DO ESTADO DO AMAZON,13,201505
34621748000476,UNIVERSIDADE FEDERAL DO PARA,15,201505
34626440000251,PREFEITURA MUNICIPAL DE BREU BRANCO,15,200801
34630905000167,HOSPITAL NOSSA SENHORA DE NAZARE,15,201505
34811331000123,SECRETARIA DE ESTADO DA SAUDE,14,200801
34811349000125,HOSPITAL CORONEL MOTA,14,200801
34826149000146,VANIA GABRIELLA LAURIA,15,201505
34844928000174,CASA DE SAUDE DE PARAGOMINAS SC LTDA,15,200801
34845396000190,HOSPITAL SAO PAULO SC LTDA,15,200801
34880872000103,HOSPITAL E MATERNIDADE SANTO AGOSTINHO LTDA,15,201505
34925206000225,PREFEITURA MUNICIPAL DE PORTO GRANDE,16,201504
34965764000133,CLINICA DR ISAIAS LTDA,22,201505
35024991000127,PREFEITURA MUNICIPAL DE HORIZONTE,23,201505
35046234000154,PREF M MONSENHOR TABOSA,23,201505
35049097000292,PREF M CATUNDA,23,201505
35050616000151,PREF M ITAICABA,23,201505
35106871000179,PREFEITURA MUNICIPAL DE PINHEIRO,21,201505
35121391000187,HOSPITAL ANTONIO TOMAZ LTDA,21,200801
35122209000102,PREFEITURA MUNICIPAL DE SUCUPIRA DO NORTE,21,201505
35145432000175,FUNDACAO PADRE ANTONIO DANTE CIVIERO,22,201505
35151851000110,CASA DE SAUDE MATERNIDADE SAO JOSE LTDA,22,201505
35156538000174,PREFEITURA MUNICIPAL DE SAO DOMNGOS DO MARANHAO,21,201505
35173152000170,CAMPOS E SOARES LTDA,21,201208
35180686000124,PREFEITURA MUNICIPAL DE GONCALVES DIAS,21,201505
35180777000160,PREFEITURA MUNICIPAL DE ALEXANDRE COSTA,21,201505
35197896000125,ALAN G NOVAES VIANA,21,201505
35209212000168,PREFEITURA MUNICIPAL DE AXIXA,21,201503
35445998000112,INSTITUTO BENEFICIENTE VALE DO SAO FRANCISCO,26,201505
35470574000299,SERVICO OFTALMOLOGICO DE PERNAMBUCO LTDA,26,201504
35501733000194,INSTITUTO CANDIDA VARGAS,25,201505
35589456000113,CENTRAL DE DIAGNOSTICO LTDA,25,201505
35642172000143,CARVALHO BELTRAO SERVICOS DE SAUDE LTDA,27,201505
35650324000150,CARDIODIAGNOSTICO LTDA,24,201505
36399624000170,FUNDACAO HOSPITALAR BENEFICIENTE CONCORDIA,32,201505
36423614000123,CLINICA LETICIA CARVALHO RAMOS LTDA,32,200801
36475879000256,SECRETARIA MUNICIPAL DE SAUDE DE CABO FRIO,33,201505
36487759000198,MUNICIPIO DE MARICA,33,201505
36537173000190,CLINICA DE OLHOS DR TANNURE LTDA,33,201505
36571495000237,SECRETARIA MUNICIPAL DE SAUDE DE LAJE DO MURIAE,33,200801
36881084000167,LIMA E AQUINO CIA LTDA,51,201505
36933695000101,FONSECA MANFRIN CIA LTDA,51,201505
36988400000102,PREFEITURA MUNICIPAL DE COLMEIA,17,201505
37036761000103,ORGANIZACAO HOSPITALAR PROVIDA,52,201505
37048790000195,IMEC INSTITUTO MEDICO DE CERES,52,201505
37108388000159,HOME HOSPITAL DE MEDICINA ESPECIALIZADA,53,201503
37113180000209,ASSOCIACAO DAS PIONEIRAS SOCIAIS,31,201505
37113180000470,ASSOCIACAO DAS PIONEIRAS SOCIAIS,53,201505
37113180000802,ASSOCIACAO DAS PIONEIRAS SOCIAIS,21,201505
37113180001108,ASSOCIACAO DAS PIONEIRAS SOCIAIS,29,201505
37113180001523,ASSOCIACAO DAS PIONEIRAS SOCIAIS,23,201505
37212719000104,PREFEITURA MUNICIPAL DE NOVA ALVORADA DO SUL,50,201505
37431269000132,MM HOSPITAL E MATERNIDADE,51,200801
37459419000116,SOCIEDADE HOSPITALAR NOSSA SENHORA DA GUIA,51,201503
37460565000161,CENTRO MEDICO E BENEFICENCIA LIRIOS DO VALE LTDA,51,201411
37541729000185,IRMANDADE DA SANTA CASA DE MISERICORDIA DE AP DO TABOADO,50,201409
38000485000196,HOSPITAL MARIA AUXILIADORA S A,53,201202
39522404000180,OFTALMOCLINICA SAO GONCALO SC LTDA,33,201212
39554605000593,HOSPITAL MUNICIPAL NOSSA SENHORA DAS DORES,33,200801
40189532000133,FUNDACAO FRANCISCO ARDUINO INST EST DIABETES ENDOCRINOLOGIA,33,201505
40226946000276,FAF HOSPITAL DE CANCER I,33,200801
40226946000438,FAF HOSPITAL DE CANCER III,33,200801
40226946000780,FAF HOSPITAL DE CANCER II,33,200801
40228587000105,CBMERJ HOSPITAL CENTRAL ARISTARCHO PESSOA HOSP DOS BOMBEIROS,33,200801
40514960000194,HOSPITAL DE OLHOS DE MURITIBA LTDA,29,201505
40581803000100,CASA DE SAUDE NOSSA SENHORA DO BOM CONSELHO LTDA,29,200801
40620171000138,CLINICA MEDICA DA CRIANCA LTDA,29,201502
40631780000192,CASA DE SAUDE DE REMANSO LTDA,29,201505
40892341000133,HOSPITAL GERAL DE URGENCIAS NOSSA SENHORA DAS GRACAS,26,201504
41044009000181,HOSPITAL DE OLHOS SANTA LUZIA LTDA,26,200801
41090291000214,PREFEITURA DA CIDADE DO RECIFE,26,201505
41090291000303,PREFEITURA DA CIDADE DO RECIFE,26,201505
41090291000486,PREFEITURA DA CIDADE DO RECIFE,26,200801
41090291000567,PREFEITURA DA CIDADE DO RECIFE,26,201505
41095563000198,HOSPITAL FRANCISCO ANSELMO LTDA,26,201505
41161258000157,CLINICA VIRGEM DOS POBRES,27,200801
41161258000157,HOSPITAL MEDICO CIRURGICO DE ALAGOAS LTDA EPP,27,201505
41210014000117,CENTRO DE DIAG E TRAT OFTALMOLOG DE C GRANDE SC LTDA,25,200906
41274317000101,CLINICA SANTA TEREZINHA,22,201505
41279647000181,PRONTO BABY ATEND INTEG A CRIANCA LTDA,22,201505
41295288000156,HOSPITAL MONTE KLINIKUM S S LTDA,23,201403
41339201000103,FUNDACAO DE SAUDE PUBLICA DE IGUATU,23,201505
41339334000171,PREF M AIUABA,23,201502
41343187000375,FUNDACAO OTILIA CORREIA SARAIVA,23,201505
41343187000456,FUNDACAO OTILIA CORREIA SARAIVA,23,201505
41383407000122,PREFEITURA MUNICIPAL DE GRACA ARANHA,21,201505
41401100000107,FUNDACAO MEDICA SOBRALENSE,23,200801
41476813000130,CLINICA NOSSA SENHORA DO ROSARIO LTDA,21,201505
41487208000164,HOSPITAL REGIONAL DE ARAIOSES LTDA,21,200801
41610817000169,HOSPITAL DIA CLINICA DE SAUDE MENTAL DE CAXIAS LTDA,21,200801
41611716000293,PREFEITURA MUNICIPAL DE BEQUIMAO,21,201408
41654864000104,CLINICA NEUSA ROCHA SS LTDA,23,201504
41975228000184,CLINICA CLARA RIOS LTDA,29,200801
41980335000109,HOSPITAL GERAL DE SATIRO DIAS,29,200801
42011759000110,CLINICA E MATERNIDADE SAO MATHEUS,29,201505
42498691000226,SEAP CGSP RJ HOSP DE CUST E TRAT PSIQUIAT HEITOR CARRILHO,33,200911
42498691000307,SEAP RJ COORDENACAO DE GESTAO EM SAUDE PENITENCIARIA,33,200801
42498691000498,SEAP RJ COORDENACAO DE GESTAO EM SAUDE PENITENCIARIA,33,200801
42498691000579,SEAP RJ COORDENACAO DE GESTAO EM SAUDE PENITENCIARIA,33,200801
42498691000650,SEAP RJ COORDENACAO DE GESTAO EM SAUDE PENITENCIARIA,33,200801
42498691000730,SEAP RJ COORDENACAO DE GESTAO EM SAUDE PENITENCIARIA,33,201210
42498691000811,SEAP RJ COORDENACAO DE GESTAO EM SAUDE PENITENCIARIA,33,201106
42498717000236,SECRETARIA DE ESTADO DE SAUDE DO RIO DE JANEIRO,33,201505
42498717000317,SECRETARIA DE ESTADO DE SAUDE DO RIO DE JANEIRO,33,201505
42498717000406,SECRETARIA DE ESTADO DE SAUDE DO RIO DE JANEIRO,33,201505
42498717000589,SESDEC RJ HOSPITAL ESTADUAL PEDRO II,33,201011
42498717000660,SECRETARIA DE ESTADO DE SAUDE DO RIO DE JANEIRO,33,201505
42498717000740,SES RJ HOSPITAL ESTADUAL ALBERT SCHWEITZER,33,201505
42498717000902,SES RJ INSTITUTO ESTADUAL DE INFECTOLOGIA SAO SEBASTIAO,33,201207
42498717001399,SECRETARIA DE ESTADO DE SAUDE DO RIO DE JANEIRO,33,201505
42498717001470,SES RJ IEDS INSTITUTO ESTADUAL DE DERMATOLOGIA SANITARIA,33,201502
42498717001550,SECRETARIA DE ESTADO DE SAUDE DO RIO DE JANEIRO,33,201505
42498717001801,SECRETARIA DE ESTADO DE SAUDE DO RIO DE JANEIRO,33,201505
42498717002280,SES CENTRO PSIQUIATRICO RIO DE JANEIRO,33,201505
42498717007753,SESDEC HOSPITAL REGIONAL DE BARRA DE SAO JOAO,33,200801
42498717007915,SECRETARIA DE ESTADO DE SAUDE DO RIO DE JANEIRO,33,201505
42498717008130,SECRETARIA DE ESTADO DE SAUDE DO RIO DE JANEIRO,33,201505
42498717010622,SECRETARIA DE ESTADO DE SAUDE RIO DE JANEIRO,33,201505
42718064000172,CLIMACA CLINICA MEDICA ADENILSON CIRNE DE ANDRADE LTDA,29,200801
43002005000166,IRMANDADE DA SANTA CASA DE MISERICORDIA DE ADAMANTINA,35,201505
43007814000160,CLINICA DE REPOUSO NOSSO LAR,35,201505
43090083000160,IRMANDADE DA SANTA CASA DE MISERICORDIA DE AGUAI,35,200801
43138320000115,ASSOCIACAO DO HOSPITAL DE AGUDOS,35,201505
43252758000120,IRMANDADE DE MISERICORDIA DE AMERICANA,35,201505
43266220000174,SEARA SERVICO ESPIRITA DE ASSISTENCIA E RECUPERACAO DE AMERI,35,201505
43464031000106,SANATORIO ISMAEL,35,201505
43464197000122,SANTA CASA ANNA CINTRA,35,201505
43464882000159,BENEFICENCIA PORTUGUESA DE AMPARO,35,201505
43535210000197,IRMANDADE DA SANTA CASA DE ANDRADINA,35,201505
43600261000155,IRMANDADE DA SANTA CASA DE ANGATUBA,35,201505
43667179000148,SANTA CASA DE MISERICORDIA DE APARECIDA,35,201505
43723907000191,ASSOCIACAO BENEFICENTE DE APIAI,35,201505
43751502000167,SANTA CASA DE MISERICORDIA DE ARACATUBA,35,201505
43762442000188,ASSOCIACAO DAS SENHORAS CRISTAS,35,201505
43964931000112,IRMANDADE DA SANTA CASA DE MISERICORDIA DE ARARAQUARA,35,201505
43974666000153,SANTA CASA DE MISERICORDIA SAO VICENTE DE PAULO,35,201505
43987668000187,ASSOCIACAO BENEFICENTE JESUS JOSE E MARIA,35,201505
44214203000156,CLINICA ANTONIO LUIZ SAYAO ACOMPANHAMENTO PSIQUIATRICO,35,201505
44215341000150,IRMANDADE DA SANTA CASA DE MISERICORDIA DE ARARAS,35,201505
44364826000105,SANTA CASA DE MISERICORDIA DE ASSIS,35,201505
44393916000124,FUNDACAO MUNICIPAL DA SAUDE DE SAO CAETANO DO SUL,35,200801
44425239000189,SANTA CASA DE MISERICORDIA DOUTOR OSWALDO SIQUEIRA LYRA,35,201505
44435451000127,SANTA CASA DE MISERICORDIA SAO FRANCISCO BURITAMA,35,201505
44441079000161,ASSOCIACAO HOSPITALAR DE CLEMENTINA,35,201505
44456036000311,UNIMED DE BAURU COOPERATIVA DE TRABALHO MEDICO,35,201204
44474898002078,ASSOCIACAO DE ENSINO DE MARILIA,35,201001
44510485000139,IRMANDADE DE MISERICORDIA DE ATIBAIA,35,201505
44563716000172,HOSPITAL DA SANTA CASA JESUS MARIA JOSE,35,201505
44570711000177,CLINICA DE REPOUSO DOM BOSCO SC LTDA,35,201505
44584019000106,SANTA CASA DE MISERICORDIA DE AVARE,35,201505
44653392000163,SC MEDICAL LTDA SERVICO MEDHOSP E AMBULATORIAL,35,200801
44690238000161,IRMANDADE DA SANTA CASA DE MISERICORDIA DE BARIRI,35,201505
44720845000127,IRMANDADE DO HOSPITAL DE CARIDADE PADRE NICANOR MERINO,35,201505
44745024000145,ASSOCIACAO DO HOSPITAL E MATERNIDADE SAO JOSE BARRA BONITA,35,201505
44782779000110,SANTA CASA DE MISERICORDIA DE BARRETOS,35,201505
44852267000182,HOSPITAL E SANTA CASA DE MISERICORDIA DE ALVARES MACHADO,35,201505
44868644000171,ASSOCIACAO ASSISTENCIAL ADOLPHO BEZERRA DE MENEZES,35,201505
44880110000160,SANTA CASA E MATERNIDADE DE PANORAMA,35,201504
44930931000164,ASSOCIACAO BENEFICENTE DE BASTOS,35,201505
44932846000135,IRMANDADE DA SANTA CASA DE MISERICORDIA DE PRES EPITACIO,35,201505
44945962000199,SANTA CASA DE MISERICORDIA ASILO DOS POBRES DE BATATAIS,35,201505
45077492000151,IRMANDADE HOSP SAO JOSE STA CASA DE MISERICORDIA S VICENTE,35,201505
45129202000176,IRMANDADE DA SANTA CASA DE MIS DE APARECIDA D OESTE,35,201505
45145208000137,IRMANDADE DA SANTA CASA DE MISERICORDIA NEVES PAULISTA,35,201505
45186053000187,IRMANDADE DA SANTA CASA DE MISERICORDIA DE SAO JOSE CAMPOS,35,201505
45271137000119,HOSPITAL PSIQUIATRICO ESPIRITA CAIRBAR SCHUTEL,35,201505
45281144000282,PREFEITURA MUNICIPAL DE ITAPIRA,35,201505
45284353000107,CASA TRANSITORIA ANDRE LUIZ,35,201505
45318508000170,SANTA CASA DE MISERICORDIA DE PEDREGULHO,35,201505
45331303000125,SANTA CASA DE GUARA,35,201503
45349461000102,ASSOCIACAO BENEFICENTE DE BILAC,35,201505
45383106000150,IRMANDADE DA SANTA CASA DE MISERICORDIA DE BIRIGUI,35,201505
45399961000230,UNIMED DE SOROCABA COOPERATIVA DE TRABALHO MEDICO,35,201409
45403631000190,MENTAL MEDICINA ESPECIALIZADA SC LTDA,35,201407
45437175000107,SANTA CASA DE MISERICORDIA DE TAQUARITUBA,35,201505
45462694000117,SANTA CASA DE MISERICORDIA DE BOCAINA,35,201505
45474863000139,HOSPITAL PSIQUIATRICO VALE DAS HORTENCIAS SC LTDA,35,201505
45615309000124,IRM SR BJP STA CASA MISERIC BRAGANCA PTA,35,201505
45708765000119,IRMANDADE DA SANTA CASA DE MISERICORDIA DE IPUA,35,201505
45721180000139,SANTA CASA DE MISERICORDIA DE CABREUVA,35,200801
45724077000142,BENEFICENCIA HOSPITALAR DE MAIRINQUE,35,200908
45775608000126,HOSPITAL SANTA THEREZINHA,35,201505
45781184000374,PREFEITURA MUNICIPAL DE NOVA ODESSA,35,201505
45889623000103,ASSOC BENEF SAO JOSE E SANTA CASA DE MISERICORDIA SAO JOSE,35,201505
45915675000107,IRMANDADE SANTA CASA DE MISERICORDIA DE CACONDE,35,201505
45923687000175,IRMANDADE DA SANTA CASA DE MISERICORDIA DE CAFELANDIA,35,201505
45931359000110,IRMANDADE DA SANTA CASA DE MISERICORDIA DE ITAI,35,201505
45968716000115,CASA DE CARIDADE SAO VICENTE DE PAULO,35,201505
46020301000269,SOCIEDADE CAMPINEIRA DE EDUCACAO E INSTRUCAO,35,201505
46030318000116,REAL SOCIEDADE PORTUGUESA DE BENEFICENCIA,35,201505
46036018000144,CASA DE SAUDE CAMPINAS,35,201505
46043980000100,MATERNIDADE DE CAMPINAS,35,201505
46044368000152,SERVICO DE SAUDE DR CANDIDO FERREIRA,35,201505
46045290000190,IRMANDADE DE MISERICORDIA DE CAMPINAS,35,201505
46056487000125,IRMANDADE DA SANTA CASA DE MISERICORDIA DE VALINHOS,35,201505
46319000002012,PREFEITURA MUNICIPAL DE GUARULHOS,35,201505
46319000002365,PREFEITURA MUNICIPAL DE GUARULHOS,35,201505
46374500000518,SECRETARIA DE ESTADO DA SAUDE DE SAO PAULO,35,201505
46374500000860,SECRETARIA DE ESTADO DA SAUDE DE SAO PAULO,35,201505
46374500001085,SECRETARIA DE ESTADO DA SAUDE DE SAO PAULO,35,201505
46374500001247,SECRETARIA DE ESTADO DA SAUDE DE SAO PAULO,35,201505
46374500001328,SECRETARIA DE ESTADO DA SAUDE DE SAO PAULO,35,201505
46374500001409,SECRETARIA DE ESTADO DA SAUDE DE SAO PAULO,35,201505
46374500001670,SECRETARIA DE ESTADO DA SAUDE DE SAO PAULO,35,201505
46374500001751,SECRETARIA DE ESTADO DA SAUDE DE SAO PAULO,35,201505
46374500001832,SECRETARIA DE ESTADO DA SAUDE DE SAO PAULO,35,201505
46374500002057,SECRETARIA DE ESTADO DA SAUDE DE SAO PAULO,35,201505
46374500002219,SECRETARIA DE ESTADO DA SAUDE DE SAO PAULO,35,201505
46374500002308,SECRETARIA DE ESTADO DA SAUDE DE SAO PAULO,35,201505
46374500004939,SECRETARIA DE ESTADO DA SAUDE DE SAO PAULO,35,201505
46374500005072,SECRETARIA DE ESTADO DA SAUDE DE SAO PAULO,35,201505
46374500005153,SECRETARIA DE ESTADO DA SAUDE,35,201505
46374500005234,SECRETARIA DE ESTADO DA SAUDE DE SAO PAULO,35,201505
46374500005315,SECRETARIA DE ESTADO DA SAUDE DE SAO PAULO,35,201505
46374500005404,SECRETARIA DE ESTADO DA SAUDE DE SAO PAULO,35,201505
46374500005668,SECRETARIA DE ESTADO DA SAUDE DE SAO PAULO,35,201504
46374500008845,SECRETARIA DE ESTADO DA SAUDE DE SAO PAULO,35,201505
46374500008926,SECRETARIA DE ESTADO DA SAUDE DE SAO PAULO,35,201505
46374500010823,SECRETARIA DE ESTADO DA SAUDE DE SAO PAULO,35,201505
46374500010904,SECRETARIA DE ESTADO DA SAUDE DE SAO PAULO,35,201505
46374500011048,SECRETARIA DE ESTADO DA SAUDE DE SAO PAULO,35,201505
46374500011129,SECRETARIA DE ESTADO DA SAUDE DE SAO PAULO,35,201505
46374500011200,SECRETARIA DE ESTADO DA SAUDE DE SAO PAULO,35,201505
46374500011390,SECRETARIA DE ESTADO DA SAUDE DE SAO PAULO,35,201505
46374500011471,SECRETARIA DE ESTADO DA SAUDE DE SAO PAULO,35,201505
46374500011552,SECRETARIA DE ESTADO DA SAUDE DE SAO PAULO,35,201505
46374500011633,SECRETARIA DE ESTADO DA SAUDE DE SAO PAULO,35,201505
46374500011714,SECRETARIA DE ESTADO DA SAUDE DE SAO PAULO,35,201505
46374500011803,SECRETARIA DE ESTADO DA SAUDE DE SAO PAULO,35,201505
46374500012109,SECRETARIA DE ESTADO DA SAUDE DE SAO PAULO,35,201505
46374500012281,SECRETARIA DE ESTADO DA SAUDE DE SAO PAULO,35,201505
46374500012362,SECRETARIA DE ESTADO DA SAUDE DE SAO PAULO,35,201505
46374500012443,SECRETARIA DE ESTADO DA SAUDE DE SAO PAULO,35,201505
46374500012524,SECRETARIA DE ESTADO DA SAUDE DE SAO PAULO,35,201505
46374500012605,SECRETARIA DE ESTADO DA SAUDE DE SAO PAULO,35,201505
46374500012877,SECRETARIA DE ESTADO DA SAUDE DE SAO PAULO,35,201505
46374500012958,SECRETARIA DE ESTADO DA SAUDE DE SAO PAULO,35,201505
46374500013091,SECRETARIA DE ESTADO DA SAUDE DE SAO PAULO,35,201505
46374500013253,SECRETARIA DE ESTADO DA SAUDE DE SAO PAULO,35,201505
46374500013334,SECRETARIA DE ESTADO DA SAUDE DE SAO PAULO,35,201505
46374500013415,SECRETARIA DE ESTADO DA SAUDE DE SAO PAULO,35,201505
46374500013504,SECRETARIA DE ESTADO DA SAUDE DE SAO PAULO,35,201505
46374500013687,SECRETARIA DE ESTADO DA SAUDE DE SAO PAULO,35,201505
46374500013768,SECRETARIA DE ESTADO DA SAUDE DE SAO PAULO,35,201505
46374500013849,SECRETARIA DE ESTADO DA SAUDE DE SAO PAULO,35,201505
46374500013920,SECRETARIA DE ESTADO DA SAUDE DE SAO PAULO,35,201505
46374500014063,SECRETARIA DE ESTADO DA SAUDE DE SAO PAULO,35,201505
46374500014144,SECRETARIA DE ESTADO DA SAUDE DE SAO PAULO,35,201505
46374500014225,SECRETARIA DE ESTADO DA SAUDE DE SAO PAULO,35,201505
46374500014497,SECRETARIA DE ESTADO DA SAUDE DE SAO PAULO,35,201505
46374500014578,SECRETARIA DE ESTADO DA SAUDE DE SAO PAULO,35,201505
46374500014730,SECRETARIA DE ESTADO DA SAUDE DE SAO PAULO,35,201505
46374500014810,SECRETARIA DE ESTADO DA SAUDE DE SAO PAULO,35,201505
46374500015116,SECRETARIA DE ESTADO DA SAUDE DE SAO PAULO,35,201505
46374500015388,SECRETARIA DE ESTADO DA SAUDE DE SAO PAULO,35,201505
46374500016007,SECRETARIA DE ESTADO DA SAUDE DE SAO PAULO,35,201505
46374500016198,SECRETARIA DE ESTADO DA SAUDE DE SAO PAULO,35,201505
46374500016350,SECRETARIA DE ESTADO DA SAUDE DE SAO PAULO,35,201505
46374500016430,SECRETARIA DE ESTADO DA SAUDE DE SAO PAULO,35,201505
46374500016511,SAO PAULO SECRETARIA DA SAUDE HOSPITAL REGIONAL DE COTIA,35,201505
46374500016600,SECRETARIA DE ESTADO DA SAUDE DE SAO PAULO,35,201505
46374500016783,SECRETARIA DE ESTADO DA SAUDE DE SAO PAULO,35,201505
46374500016864,SECRETARIA DE ESTADO DA SAUDE DE SAO PAULO,35,201505
46374500017089,SECRETARIA DE ESTADO DA SAUDE DE SAO PAULO,35,201505
46374500017836,SECRETARIA DE ESTADO DA SAUDE DE SAO PAULO,35,201505
46374500017917,SECRETARIA DE ESTADO DE SAUDE DE SAO PAULO,35,201505
46374500018131,SECRETARIA ESTADUAL DA SAUDE DE SAO PAULO,35,201505
46374500018999,SECRETARIA DE ESTADO DA SAUDE DE SAO PAULO,35,201505
46374500019103,SECRETARIA DE ESTADO DA SAUDE DE SAO PAULO,35,201505
46374500020110,SECRETARIA DE ESTADO DA SAUDE DE SAO PAULO,35,201505
46374500021191,SECRETARIA DE ESTADO DA SAUDE DE SAO PAULO,35,201505
46374500022244,SECRETARIA DE ESTADO DA SAUDE DE SAO PAULO,35,201504
46374500022325,SECRETARIA DE ESTADO DA SAUDE DE SAO PAULO,35,201505
46374500022597,SECRETARIA DE ESTADO DA SAUDE DE SAO PAULO,35,201505
46374500023992,SECRETARIA DE ESTADO DA SAUDE DE SAO PAULO,35,201505
46374500024026,SECRETARIA DE ESTADO DA SAUDE DE SAO PAULO,35,201505
46374500024107,SECRETARIA DE ESTADO DA SAUDE DE SAO PAULO,35,201505
46374500024298,SECRETARIA DE ESTADO DA SAUDE DE SAO PAULO,35,201505
46374500024700,SECRETARIA DE ESTADO DA SAUDE,35,201505
46374500024883,SECRETARIA DE ESTADO DA SAUDE DE SAO PAULO,35,201505
46392148000977,PREFEITURA DO MUNICIPIO DE SAO PAULO,35,201505
46392148001000,PREFEITURA DO MUNICIPIO DE SAO PAULO,35,201505
46392148001272,PREFEITURA DO MUNICIPIO DE SAO PAULO,35,201505
46392148001353,PREFEITURA DO MUNICIPIO DE SAO PAULO,35,201505
46392148001434,PREFEITURA DO MUNICIPIO DE SAO PAULO,35,201505
46392148001604,PREFEITURA DO MUNICIPIO DE SAO PAULO,35,201505
46392148001787,PREFEITURA DO MUNICIPIO DE SAO PAULO,35,201505
46392148002406,PREFEITURA DO MUNICIPIO DE SAO PAULO,35,201505
46392148002678,PREFEITURA DO MUNICIPIO DE SAO PAULO,35,201505
46392148002759,PREFEITURA DO MUNICIPIO DE SAO PAULO,35,201505
46392148002830,PREFEITURA DO MUNICIPIO DE SAO PAULO,35,201505
46392148002910,PREFEITURA DO MUNICIPIO DE SAO PAULO,35,201505
46392148003054,PREFEITURA DO MUNICIPIO DE SAO PAULO,35,201505
46392148003801,PREFEITURA DO MUNICIPIO DE SAO PAULO,35,201505
46392148004107,PREFEITURA DO MUNICIPIO DE SAO PAULO,35,201505
46392148005502,PREFEITURA MUNICIPAL DE SAO PAULO,35,201505
46392148005693,ISCMSP PREFEITURA DO MUNICIPIO DE SAO PAULO,35,201505
46439733000128,HOSPITAL GERAL DR FRANCISCO TOZZI STA CASA MISERICORDIA,35,201505
46466447000151,ASSOCIACAO FILANTROPICA DE TEODORO SAMPAIO,35,200801
46523015000801,PREFEITURA MUNICIPAL DE BARUERI,35,201505
46523114000389,PREFEITURA DE EMBU DAS ARTES,35,201505
46523171000287,PREFEITURA DO MUNICIPIO DE OSASCO,35,201505
46523171000368,PREFEITURA DO MUNICIPIO DE OSASCO,35,201505
46543781000676,SOCIEDADE ASSISTENCIAL BANDEIRANTES,35,201505
46543781001052,SOCIEDADE ASSISTENCIAL BANDEIRANTES,35,201408
46610754000164,CASA DE SAUDE E MATERNIDADE NOSSA SENHORA APARECIDA LTDA,35,200801
46643466000530,PREFEITURA MUNICIPAL DE SAO JOSE DOS CAMPOS,35,201505
46746319000161,FUNDACAO SAO PAULO APOSTOLO,35,201505
46750162000148,INSTITUTO DAS FILHAS DE NOSSA SENHORA DAS GRACAS,35,200901
46854998000192,PREFEITURA DO MUNICIPIO DE SAO PAULO,35,201505
46886149000110,ASSOCIACAO BENEF SANTA CASA DE MISERICORDIA DE CAPAO BONITO,35,201505
46925111000100,SANTA CASA DE MISERICORDIA DE CAPIVARI,35,201505
46959862000147,IRMANDADE DA SANTA CASA DE LOUVEIRA,35,201505
47018676000176,HOSPITAL MUNICIPAL DR MARIO GATTI,35,201505
47024005000118,SANTA CASA DE MISERICORDIA DE CASA BRANCA,35,201505
47055157000188,IRMANDADE DE MISERICORDIA E HOSPITAL TERRA ROXA,35,201505
47062112000130,HOSPITAL PSIQUIATRICO VALE DO RIO GRANDE LTDA,35,200801
47071501000122,HOSPITAL SAO DOMINGOS SA,35,200801
47074851000819,FUNDACAO PADRE ALBINO,35,201505
47074851000908,FUNDACAO PADRE ALBINO,35,201505
47078019000114,HOSPITAL PSIQUIATRICO ESP MAHATMA GANDHI,35,201505
47104443000439,CONGREGACAO DAS IRMANDADES FRANSICANA ALCANTARINAS,35,200801
47235130000177,SANTA CASA DE MISERICORDIA DE CERQUEIRA CESAR,35,201502
47266838000195,SOCIEDADE FILANTROPICA HOSPITAL JOSE VENANCIO,35,201505
47342399000152,HOSPITAL DA GRACA SC LTDA,35,200801
47368675000151,HOSPITAL BENEFICENTE SANTA GERTRUDES,35,201505
47404801000186,SOCIEDADE BENEFICENTE DE CRAVINHOS SANTA CASA,35,201505
47431697000119,SANTA CASA DE MISERICORDIA DE CRUZEIRO,35,201505
47531835000131,ASSOCIACAO BENEFICENTE NOSSA SENHORA DA CONCEICAO,35,201505
47544663000130,IRMANDADE DA SANTA CASA DE MISERICORDIA DE DESCALVADO,35,201505
47571039000122,IRMANDADE FILANTR HOSP BOM JESUS DA STA CASA MISER TREMEMBE,35,200801
47573589000180,IRMANDADE DA SANTA CASA DE MISERICORDIA DE DOIS CORREGOS,35,201505
47598818000111,ASSOCIACAO DA CRIANCA DE DOURADO CASA DE SAUDE,35,200801
47617584000102,IRMANDADE DA SANTA CASA DE MISERICORDIA E MATER DE DRACENA,35,201505
47644406000170,IRMANDADE DA SANTA CASA DE IPAUCU,35,201505
47708771000100,IRMANDADE SANTA CASA DE MISERICORDIA DE SAO BERNARDO CAMPO,35,201505
47717467000110,SANTA CASA DE MISERICORDIA DE DUARTINA,35,201505
47759428000186,IRMANDADE DA SANTA CASA JOSE BENIGO GOMES DE SUD MENUCCI,35,201503
47770102000150,IRMANDADE DA SANTA CASA MISERICORDIA DE ESTRELA D OESTE,35,201505
47795448000102,SANTA CASA DE MISERICORDIA DE FARTURA,35,201505
47820279000113,CLINICA PSIQUIATRICA SALTO DE PIRAPORA SC LTDA,35,201505
47844287000108,IRMANDADE DA SANTA CASA DE MISERICORDIA DE FERNANDOPOLIS,35,201505
47929187000176,IRMANDADE DA SANTA CASA DE MISERICORDIA DE FLORIDA PAULISTA,35,201505
47957667000140,FUNDACAO ESPIRITA ALLAN KARDEC,35,201505
47969134000189,FUNDACAO SANTA CASA DE MISERICORDIA DE FRANCA,35,201505
48095202000190,CENTRO ONCOLOGICO MOGI DAS CRUZES LTDA,35,201204
48209233000206,IRMANDADE DA SANTA CASA DE MISERICORDIA DE GARCA,35,201505
48209233000397,IRMANDADE DA SANTA CASA DE MISERICORDIA DE GARCA,35,201505
48209704000103,ASSOCIACAO BENEFICENTE ESPIRITA DE GARCA,35,201505
48293468000148,IRMANDADE DA SANTA CASA DE MISERICORDIA GETULINA,35,201505
48321038000192,SANTA CASA DE MISERICORDIA DE IBIRA,35,201505
48341283000161,SANTA CASA DE MISERICORDIA DE GUAIRA,35,201505
48368989000117,ASSOCIACAO HOSPITAL BENEFICENTE DE MARACAI,35,201505
48420335000195,HOSPITAL E MATERNIDADE DE GUARACAI,35,201505
48433452000193,SANTA CASA DE MISERICORDIA NOSSA SENHORA DAS DORES,35,201505
48467054000198,SANTA CASA DE MISERICORDIA DE GUARARAPES,35,201505
48517932000132,SANTA CASA DE MISERICORDIA DE GUARAREMA,35,201505
48547806000120,IR SR DOS PASSOS E SANTA CASA MIS GUARATINGUETA,35,201505
48548184000155,GRUPO DA FRATERNIDADE IRMAO ALTINO,35,201505
48626493000104,IRMANDADE DE MISERICORDIA DE TAPIRATIBA,35,201505
48662167000144,IRMANDADE DA SANTA CASA DE MISERICORDIA DE GUARIBA,35,201505
48697338000170,ASSOCIACAO SANTAMARENSE DE BENEFICENCIA DO GUARUJA,35,201505
49017353000193,HOSPITAL SANTA CASA DE MISERICORDIA DE RIOLANDIA,35,201505
49021348000154,IRMANDADE DA SANTA CASA DE MISERICORDIA DE SANTA ADELIA,35,201505
49052533000106,CONGREGACAO DAS FILHAS DE N SENHORA STELA MARIS,35,201505
49150352000112,FUNDACAO PIO XII BARRETOS,35,201505
49223159000164,IRMANDADE DA SANTA CASA DE MISERICORDIA DE IACANGA,35,201503
49270671000161,SANTA CASA DE CARIDADE E MATERNIDADE DE IBITINGA,35,201505
49376858000144,SANTA CASA DE MISERICORDIA DE IGARAPAVA,35,201505
49544703000170,HOSPITAL PSIQUIATRICO SANTA CRUZ LTDA,35,201505
49572688000173,ASSOCIACAO DE AMPARO AO EXCEPCIONAL RITINHA PRATES,35,201505
49622327000194,IRMANDADE DE MISERICORDIA HOSPITAL SAO JOSE ITAJOBI,35,201505
49667108000121,HOSPITAL SANTA MONICA LTDA,35,201505
49675762000187,CARNEIRO CARNEIRO ASSUNCAO LTDA,35,200801
49797293000179,SANTA CASA DE MISERICORDIA DE ITAPEVA,35,201505
49911985000104,IRMANDADE DA SANTA CASA DE MISERICORDIA DE ITAPIRA,35,200801
49914773000172,FUNDACAO ESPIRITA AMERICO BAIRRAL,35,201505
49918949000164,CLINICA REPOUSO DE ITAPIRA LTDA,35,201505
49965973000154,SANTA CASA DE MACAUBAL,35,201505
49975600000164,HOSPITAL DE OLHOS REDENTORA LTDA,35,201505
49979230000133,ASSOC SANTA CASA MISERICORDIA E MATERNIDADE D JULIETA LYRA,35,201505
50046887000127,CENTRO INFANTIL DE INVESTIGACAO HEMAT DR DOMINGOS A BOLDRINI,35,201505
50055250000105,SANTA CASA DE MISERICORDIA DE ITARARE,35,201505
50059054000109,HOSPITAL E MATERNIDADE NOSSA SENHORA DAS GRACAS DE ITAPORANG,35,201505
50101286000170,SOCIEDADE BRAS DE PESQ E ASSIS REABILITACAO C FACIAL,35,201505
50119585000131,SANTA CASA DE MISERICORDIA DE ITATIBA,35,201505
50157494000190,HOSPITAL SANTA TEREZINHA E MATERNIDADE ERCILIA PIERONI,35,201504
50304377000102,SANTA CASA DE MISERICORDIA DE ITUVERAVA,35,201505
50351626000110,BENEFICENCIA HOSPITALAR DE CESARIO LANGE,35,201505
50385384000186,HOSPITAL SAO MARCOS SA,35,201505
50439553000113,IRMANDADE DA SANTA CASA DE MISERICORDIA DE QUELUZ,35,201505
50453703000143,FUSAM FUNDACAO DE SAUDE E ASSIST MUNIC DE CACAPAVA,35,201505
50471564000180,SANTA CASA DE MISERICORDIA DE JACAREI,35,201505
50565936000138,SANTA CASA DE MISERICORDIA DE JALES,35,201505
50570753000100,IRMANDADE DA SANTA CASA DE MIS DE PALMEIRA DOESTE,35,201505
50572395000175,IRMANDADE SANTA CASA MISERICORDIA DE SANTA FE DO SUL,35,201505
50708882000112,HOSPITAL DE JARDINOPOLIS,35,200801
50730902000151,HOSPITAL SAO MARCOS,35,201505
50741701000150,SANTA CASA DE MISERICORDIA DE AREALVA,35,201505
50753631000150,IRMANDADE DE MISERICORDIA DE JAU,35,201505
50753755000135,FUNDACAO DR AMARAL CARVALHO,35,201505
50756600000152,ASSOCIACAO HOSPITALAR TEREZA PERLATTI DE JAU,35,201505
50790286000396,INSTITUTO EDUCACIONAL ASSISTENCIAL E SOCIAL DE ITAPETININGA,35,201112
50795566000206,BANCO DE OLHOS DE SOROCABA,35,201505
50795566000559,BANCO DE OLHOS DE SOROCABA,35,200801
50798453000183,SANTA CASA DE MISERICORDIA DE CERQUILHO,35,201505
50807833000137,ASSOCIACAO DA SANTA CASA DE MISERICORDIA SALTO DE PIRAPORA,35,201505
50819523000132,GRUPO DE PESQUISA E ASSISTENCIA AO CANCER INFANTIL,35,201505
50819580000111,ASSOCIACAO DA SANTA CASA DE MISERICORDIA DE PILAR DO SUL,35,201505
50832898000132,ASSOCIACAO DE CAR DA STA CASA DE MIS IMACULADA CONCEICAO,35,201505
50850353000159,SANTA CASA DE MISERICORDIA DE JOANOPOLIS,35,201505
50857960000140,SANTA CASA DE MISERICORDIA DE JOSE BONIFACIO,35,201505
50944198000130,HOSPITAL DE CARIDADE SAO VICENTE DE PAULO,35,201505
50951805000512,ASSOCIACAO EDUCADORA BENEFICENTE,35,201505
50958859000186,INSTITUTO JUNDIAIENSE LUIZ BRAILLE,35,201505
50984517000130,EMED SERVICOS MEDICOS E HOSPITALARES SC LTDA,35,200801
50985266000290,FACULDADE DE MEDICINA DE JUNDIAI,35,201505
51103562000100,SOCIEDADE BENEFICENTE DE CASTILHO,35,201505
51103778000167,IRMANDADE DA SANTA CASA DE MISERICORDIA DE MURUTINGA DO SUL,35,200801
51245165000245,PREFEITURA MUNICIPAL DE BARUERI,35,200801
51261998000119,IRMANDADE DA SANTA CASA DE MISERICORDIA DE SUZANO,35,201505
51261998000208,IRMANDADE DA SANTA CASA DE MISERICORDIA DE SUZANO,35,201303
51274850000119,IRMANDADE SANTA CASA DE MISERICORDIA DE JUNQUEIROPOLIS,35,201505
51332658000131,IRMANDADE DA SANTA CASA DE MISERICORDIA DE LARANJAL PTA,35,201505
51381903000109,IRMANDADE DA SANTA CASA DE MISERICORDIA DE LEME,35,201505
51421279000118,HOSP MAT BENEF DE CHARQUEADA,35,201505
51425106000178,ASSOCIACAO BENEFICENTE HOSPITAL NOSSA SENHORA DA PIEDADE,35,201504
51455806000105,LAR ASSISTENCIAL SAO BENEDITO,35,201505
51469187000108,SOCIEDADE OPERARIA HUMANITARIA,35,201505
51473692000126,IRM STA CASA MIS DE LIMEIRA,35,201505
51504132000191,SANTA CASA DE MISERICORDIA DE TAGUAI,35,201505
51506467000149,IRMANDADE DA SANTA CASA DE MISERICORDIA DE IACRI,35,201505
51516649000109,CONSORCIO INTERMUNICIPAL DE SAUDE,35,200801
51612828000131,HOSPITAL MATERNIDADE FREI GALVAO,35,201505
51619906000200,CENTRO DE PREVENCAO E REABILITACAO DA DEFICIENCIA DA VISAO,35,201505
51660082000131,ASSOCIACAO HOSPITALAR SANTA CASA DE LINS,35,201505
51722957013160,AMICO SAUDE LTDA,35,201408
51779304000130,IRMANDADE DA SANTA CASA DE MISERICORDIA LORENA,35,201505
51804771000172,ASSOCIACAO BENEFICENTE DE PIRANGI,35,201505
51807535000100,ASSOCIACAO DE PROTECAO E ASSIST A MATERN E INF DE BORBOREMA,35,201505
51832640000107,IRMANDADE DA SANTA CASA DE MISERICORDIA DE LUCELIA,35,201505
51845782000109,IRMANDADE DE SANTA CASA DE URANIA,35,201505
51846871000161,HOSPITAL DO OLHO RIO PRETO LTDA,35,200801
51855534000130,HOSPITAL ASSISTENCIAL DE POTIRENDABA,35,201505
51889400000130,IRMANDADE DA SANTA CASA DE MACATUBA,35,201505
52049244000162,IRMANDADE DA SANTA CASA DE MISERICORDIA DE MARILIA,35,201505
52050010000135,HOSPITAL ESPIRITA DE MARILIA,35,201505
52050911000127,ASSOCIACAO FEMININA DE MARILIA MATERNIDADE GOTA DE LEITE,35,201505
52268596000109,SANTA CASA DE MISERICORDIA PE JOAO SCHNEIDER MARTINOPOLIS,35,201504
52314861000148,SOCIEDADE MATONENSE DE BENEMERENCIA,35,201505
52343829000190,SANTA CASA DE MISERICORDIA DE MIGUELOPOLIS,35,201505
52356268000245,CONSORCIO DE DESENVOLVIMENTO REG DE GOV DE SJDA BOA VISTA,35,201505
52393204000133,IRMANDADE DA SANTA CASA DE MISERICORDIA DE NOVA EUROPA,35,201504
52505153000194,IRMANDADE DA SANTA CASA DE MISERICORDIA DE MOCOCA,35,201505
52543766000116,SANTA CASA DE MISERICORDIA DE MOGI DAS CRUZES,35,201505
52739950000136,IRMANDADE DA SANTA CASA DE MISERICORDIA DE MOGI GUACU,35,201505
52775392000164,IRMANDADE DA SANTA CASA DE MISERICORDIA DE MOGI MIRIM,35,201505
52780673000105,ASSOCIACAO ESPIRITA JESUS E CARIDADE,35,201505
52803319000159,FUNDACAO OSWALDO RAMOS,35,201505
52852100000140,IRMANDADE DE MISERIC DO HOSPITAL DA SANTA CASA DE MONTE ALTO,35,201505
52879905000187,IRMANDADE STA CASA DE MISERICORDIA DE MONTE APRAZIVEL,35,201505
52941614000171,ASSOCIACAO DE BENEMERENCIA SENHOR BOM JESUS,35,201505
52941887000116,ASSOCIACAO DE PROTECAO A MATERNIDADE E A INFANCIA,35,201505
52973872000130,ASSOCIACAO HOSPITAL BENEFICENTE SAGRADO CORACAO DE JESUS,35,201505
53150298000182,IRMANDADE DA SANTA CASA DE MISERICORDIA DE NOVA GRANADA,35,201505
53174827000188,IRMANDADE SAO JOSE DE NOVO HORIZONTE,35,201505
53221255000221,ASSOCIACAO LAR SAO FRANCISCO DE ASSIS NA PROVIDENCIA DE DEUS,35,201505
53221255001201,ASSOCIACAO LAR SAO FRANCISCO DE ASSIS NA PROVIDENCIA DE DEUS,35,201505
53221255001546,ASSOCIACAO LAR SAO FRANCISCO DE ASSIS NA PROVIDENCIA DE DEUS,35,201505
53221255001970,ASSOC LAR SAO FRANCISCO DE ASSIS NA PROVIDENCIA DE DEUS,35,201505
53221255003409,ASSOCIACAO LAR SAO FRANCISCO DE ASSIS NA PROVIDENCIA DE DEUS,35,201505
53221255005100,ASSOCIACAO LAR SAO FRANCISCO DE ASSIS NA PROVIDENCIA DE DEUS,35,201505
53221255005371,ASSOCIACAO LAR SAO FRANCISCO DE ASSIS NA PROVIDENCIA DEUS,52,201505
53227229000120,SANTA CASA DE MISERICORDIA DE OLIMPIA,35,201505
53311999000156,HOSPITAL BENEFICENTE SANTO ANTONIO,35,201505
53338992000128,IRMANDADE DA SANTA CASA DE MISERICORDIA DE OSVALDO CRUZ,35,201505
53412144000111,ASSOCIACAO DA SANTA CASA DE MISERICORDIA DE OURINHOS,35,201505
53412144000200,ASSOCIACAO DA SANTA CASA DE MISERICORDIA DE OURINHOS,35,201505
53524534000183,SANTA CASA DE MISERICORDIA DE PACAEMBU,35,201505
53593398000183,SANTA CASA DE MISERICORDIA DE PALMITAL,35,201505
53636015000107,HOSPITAL E PRONTO SOCORRO COMUNITARIO VILA IOLANDA SC LTDA,35,200801
53638649000107,SANTA CASA DE MISERICORDIA DE PARAGUACU PAULISTA,35,201505
53691754000100,SANTA CASA DE MISERICORDIA DO DIVINO ESPIRITO SANTO,35,201501
53706362000169,IRMANDADE DA SANTA CASA DE MISERICORDIA DE PARAPUA,35,201503
53723870000155,SANTA CASA DE MISERICORDIA DE PATROCINIO PAULISTA,35,201505
53725560000170,FUNDACAO ADIB JATENE,35,201505
53782355000146,IRMANDADE DA SANTA CASA DE MISERICORDIA DE PAULO DE FARIA,35,201504
53816153000178,IRMANDADE DA SANTA CASA DE MISERICORDIA DE PEDERNEIRAS,35,201505
53894218000101,IRMANDADE DA SANTA CASA DE MISERICORDIA DE PENAPOLIS,35,201505
53966966000144,SANTA CASA DE MISERICORDIA DE PEREIRA BARRETO,35,201505
54022967000101,SANTA CASA DE MISERICORDIA DE PIEDADE,35,201505
54122213000115,SANTA CASA DE MISERICORDIA DE PINDAMONHANGABA,35,201505
54228366000222,ASSOCIACAO ESPIRITA VICENTE DE PAULO,35,201505
54228648000149,IRMANDADE DO HOSPITAL FRANCISCO ROSAS,35,201505
54232459000140,CLINICA DE REPOUSO SANTA ROSA LTDA SC,35,201505
54344833000107,IRMANDADE DA SANTA CASA DE MISERICORDIA SAO VICENTE DE PAULO,35,201505
54370630000187,IRMANDADE DA SANTA CASA DE MISERICORDIA DE PIRACICABA,35,201505
54384631000261,ASSOCIACAO DOS FORNECEDORES DE CANA DE PIRACICABA,35,201505
54667316000160,SOCIEDADE DE BENEFICENCIA DE PIRAJU,35,201505
54722822000105,SOCIEDADE BENEFICIENTE SAO FRANCISCO DE ASSIS DE TUPA,35,201505
54731377000140,IRMANDADE DA SANTA CASA DE MISERICORDIA DE PIRAJUI,35,200801
54848361000111,IRMANDADE DA SANTA CASA DE MISERICORDIA DE PIRASSUNUNGA,35,201505
54916309000155,SANTA CASA DE MISDERICORDIA DE PIRATININGA,35,201505
54931795000180,IRMANDADE DA SANTA CASA DE MISERICORDIA DE PITANGUEIRAS,35,201505
55065601000174,SANTA CASA DE POMPEIA,35,201504
55110753000141,IRMANDADE DA SANTA CASA DE MISERICORDIA DE PONTAL,35,201505
55141725000191,IRMANDADE DA SANTA CASA DE MISERICORDIA DE PORTO FELIZ,35,201505
55189930000127,IRMANDADE DE MISERICORDIA DE PORTO FERREIRA,35,201505
55250476000172,SOCIEDADE BENEFICENTE DE PRESIDENTE BERNARDES,35,201505
55344337000108,SANTA CASA DE MISERICORDIA DE PRESIDENTE PRUDENTE,35,201505
55348122000165,SANATORIO SAO JOAO LTDA,35,201505
55348866000341,ASSOCIACAO REGIONAL ESP DE ASSISTENCIA DA 25 REGIAO P PRUD,35,201505
55559900000165,IRMANDADE DA SANTA CASA DE PRESIDENTE VENCESLAU,35,201505
55686786000134,HOSPITAL E MATERNIDADE DE RANCHARIA,35,201505
55856710000100,ASSOC DE PROT E ASSIT A MATERNIDADE E A INFANCIA DE REGISTRO,35,201505
55939920000161,SANTA CASA DE MISERICORDIA DE RIBEIRAO BONITO,35,201408
55980882000190,HOSPITAL SAO FRANCISCO SOCIEDADE LTDA,35,200801
55989784000114,SOCIEDADE BENEF HOSPITALAR STA CASA DE MIS DE RIB PRETO,35,201505
55990451000105,SOCIEDADE PORTUGUESA DE BENEFICENCIA,35,201505
56350564000109,SOCIEDADE DE MISERICORDIA DE RINOPOLIS,35,201505
56363807000143,IRMANDADE DA STA CASA LEONOR MENDES DE BARROS DE CARDOSO,35,201505
56365356000183,ASSOCIACAO BENEFICENTE JULIA RUETE,35,201505
56384183000140,IRMANDADE DA SANTA CASA DE MISERICORDIA DE RIO CLARO,35,201505
56390123000130,CASA DE SAUDE BEZERRA DE MENEZES,35,201505
56577059000363,FUNDACAO FACULDADE DE MEDICINA MECMPAS,35,201505
56626195000134,SOCIEDADE BENEFICENTE E HOSPITALAR SANTA RITA,35,201505
56690662000195,HOSPITAL E MAT SAO SEBASTIAO STA CASA MIS SALTO GRANDE,35,201505
56725385000109,SANTA CASA DE MISERICORDIA DE SANTA BARBARA DOESTE,35,201505
56777063000103,SANTA CASA SAO JOAQUIM,35,200801
56784424000149,IRMANDADE DO HOSPITAL E MATERNIDADE CORONEL JUCA FERREIRA,35,201505
56813926000150,SANTA CASA DE MISERICORDIA DE STA CRUZ DO RIO PARDO,35,201505
56889595000132,HOSPITAL DE MISERICORDIA DE ALTINOPOLIS,35,201505
56896368000134,IRMANDADE DE MISERICORDIA DE JABOTICABAL,35,201505
56898356000149,IRMANDADE DA SANTA CASA DE MISERICORDIA DE SANTA ISABEL,35,201505
56927809000118,IRMANDADE DA SANTA CASA DE MISER DE STA RITA DO PASSA QUATRO,35,201505
56959117000151,SANTA CASA DE MISERICORDIA DE SANTA ROSA DE VITERBO,35,201505
57038952000111,SANTA CASA DE MISERICORDIA DE SANTO AMARO,35,201505
57047342000184,FUNDACAO HOLAMBRA DE SAUDE,35,200801
57326118000121,AUTARQUIA HOSPITAL MUNICIPAL DE IEPE,35,201205
57388506000137,IRMANDADE DO HOSPITAL DE CARIDADE ANITA COSTA,35,201505
57553265000134,IRMANDADE DA SANTA CASA DE MIS MAUA,35,201505
57571275000283,FUABC HOSPITAL DE ENSINO,35,200801
57571275000526,HOSPITAL MUNICIPAL UNIVERSITARIO DE SAO BERNARDO DO CAMPO,35,200801
57571275000879,FUNDACAO ABC,35,201307
57571275000950,FUNDACAO DO ABC,35,201505
57571275001174,FUNDACAO DO ABC,35,201408
57571275001255,FUNDACAO DO ABC FUABC,35,201203
57571275001336,FUNDACAO DO ABC FUABC,35,201505
57722118000140,FUNDACAO DE APOIO AO ENSINO PESQUISA E ASSISTENCIA HCFMRP,35,201505
57740490000260,CONSORCIO INTERMUNICIPAL DE SAUDE DO VALE DO RIBEIRA,35,201505
58194622000188,SOCIEDADE PORTUGUESA DE BENEFICENCIA,35,201505
58198524000119,IRMANDADE DA SANTA CASA DA MISERICORDIA DE SANTOS,35,201505
58484239000164,SANTA CASA DE MISERICORDIA FREDERICO OZANAN,35,201505
59006460000170,FUNDACAO BENEFICIENTE DE PEDREIRA,35,201501
59086215000110,SANTA CASA DE MISERICORDIA SAO BENTO DO SAPUCAI,35,201505
59610394000142,IRMANDADE DA SANTA CASA DE MISERICORDIA DE SAO CARLOS,35,201505
59759084000194,SANTA CASA DE MISERICORDIA DONA CAROLINA MALHEIROS,35,201505
59761015000115,HOSPITAL FELICIO LUCHINI,35,201503
59849182000112,SANTA CASA DE MISERICORDIA DE SAO JOAQUIM DA BARRA,35,201505
59852277000195,INSTITUTO DE AMPARO AO EXCEPCIONAL NHANDEARA,35,201505
59901454000186,SANTA CASA DE MISERICORDIA HOSPITAL SAO VICENTE,35,201505
59972307000105,ASSOCIACAO PORTUGUESA DE BENEFICENCIA DE SAO JOSE DO RIO PRE,35,201505
59981712000181,IRMANDADE DA SANTA CASA DE MISERICORDIA DE S J RIO PRETO,35,201505
59986224000167,HOSPITAL DR ADOLFO BEZERRA DE MENEZES,35,201505
60007648000383,INSTITUTO ESPIRITA NOSSO LAR,35,201505
60127198000109,STS ESTETICLIN HOSPITAL GERAL LTDA,35,200809
60194990000682,INSTITUTO DAS PEQUENAS MISSIONARIAS DE MARIA IMACULADA,35,201505
60194990000763,INSTITUTO DAS PEQUENAS MISSIONARIAS DE MARIA IMACULADA,35,201505
60194990000844,INSTITUTO DAS PEQUENAS MISSIONARIAS DE MARIA IMACULADA,31,201505
60194990001140,INSTITUTO DAS PEQUENAS MISSIONARIAS DE MARIA IMACULADA,35,201505
60194990002111,INSTITUTO DAS PEQUENAS MISSIONARIAS DE MARIA IMACULADA,42,200801
60194990002200,INSTITUTO DAS PEQUENAS MISSIONARIAS DE MARIA IMACULADA,42,201505
60315462000120,SANTA CASA DE MISERICORDIA DE SAO LUIZ DO PARAITINGA,35,201505
60332673000170,IRMANDADE DA CASA PIA SAO VICENTE DE PAULA,35,201505
60499365000215,FUNDACAO LEONOR DE BARROS CAMARGO,35,201505
60518180000987,SOCIEDADE EDUCADORA DA INFANCIA E JUVENTUDE,31,200801
60544244000167,SOCIEDADE HOSPITAL SAMARITANO,35,201505
60552098000111,SOCIEDADE BRASILEIRA E JAPONESA DE BENEFICIENCIA SANTA CRUZ,35,201412
60740719000190,SANATORINHOS ACAO COMUNITARIA DE SAUDE,35,200801
60742616000160,CASA DE SAUDE SANTA MARCELINA,35,201505
60742616000240,C ASA DE SAUDE SANTA MARCELINA,11,201505
60747318000162,INSTITUTO DE ASSI MEDICA DO SERVIDOR PUBLICO ESTADUAL SP,35,201505
60762846000190,ASSOCIACAO CRUZ VERDE,35,201505
60765823000130,SOCIEDADE BENEFICENTE ISRAELITA BRAS HOSP ALBERT EINSTEIN,35,201505
60833910001230,INSTITUICAO ADVENTISTA CENTRAL BRAS DE EDUCACAO E ASS SOCIAL,50,201505
60922168000429,ASSOCIACAO CONGREGACAO DE SANTA CATARINA,33,201505
60922168001077,ASSOCIACAO CONGREGACAO DE SANTA CATARINA,33,201505
60922168001158,ASSOCIACAO CONGREGACAO DE SANTA CATARINA,32,201505
60922168001824,ASSOCIACAO CONGREGACAO DE SANTA CATARINA,51,201505
60922168002553,ASSOCIACAO CONGREGACAO DE SANTA CATARINA,33,201505
60922168004335,ASSOCIACAO CONGREGACAO DE SANTA CATARINA,35,201505
60922168004688,ASSOCIACAO CONGREGACAO DE SANTA CATARINA,51,201505
60945854000172,INSTITUTO DO CANCER ARNALDO VIEIRA DE CARVALHO,35,201505
60961422000155,SERVICO SOCIAL DA IND DO PAPEL PPLAO E CORT DO EST SAO PAULO,35,201503
60961968000106,FUNDACAO ANTONIO PRUDENTE,35,201505
60975737000909,SOCIEDADE BENEFICENTE SAO CAMILO,16,201502
60975737001395,SOCIEDADE BENEFICENTE SAO CAMILO,23,201505
60975737001638,SOCIEDADE BENEFICENTE SAO CAMILO,21,201505
60975737001719,SOCIEDADE BENEFICENTE SAO CAMILO,23,201505
60975737002014,SOCIEDADE BENEFICENTE SAO CAMILO,32,201505
60975737002286,SOCIEDADE BENEFICENTE SAO CAMILO,21,201505
60975737002367,SOCIEDADE BENEFICIENTE SAO CAMILO,22,201505
60975737002529,SOCIEDADE BENEFICENTE SAO CAMILO,31,201505
60975737002600,SOCIEDADE BENEFICIENTE SAO CAMILO,15,201505
60975737003096,SOCIEDADE BENEFICENTE SAO CAMILO,41,201505
60975737003339,SOCIEDADE BENEFICIENTE SAO CAMILO,31,201505
60975737003509,SOCIEDADE BENEFICENTE SAO CAMILO,23,201505
60975737003762,SOCIEDADE BENEFICENTE SAO CAMILO,31,201505
60975737004149,SOCIEDADE BENEFICENTE SAO CAMILO,31,201505
60975737005463,SOCIEDADE BENEFICIENTE SAO CAMILO,23,201505
60975737005706,SOCIEDADE BENEFICENTE SAO CAMILO,35,201505
60975737005897,SOCIEDADE BENEFICENTE SAO CAMILO,52,201505
60975737005978,SOCIEDADE BENEFICENTE SAO CAMILO,15,201505
60975737006001,SOCIEDADE BENEFICENTE SAO CAMILO,23,201505
60975737006273,SOCIEDADE BENEFICENTE SAO CAMILO,41,201505
60975737006354,SOCIEDADE BENEFICENTE SAO CAMILO,41,201505
60975737006435,SOCIEDADE BENEFICIENTE SAO CAMILO,31,201505
60975737006516,SOCIEDADE BENEFICENTE SAO CAMILO,24,201505
60975737006869,SOCIEDADE BENEFICENTE SAO CAMILO,35,201505
60975737007164,SOCIEDADE BENEFICENTE SAO CAMILO,23,201505
60975737007245,SOCIEDADE BENEFICENTE SAO CAMILO,35,201505
60975737007598,SOCIEDADE BENEFICENTE SAO CAMILO,35,201505
60975737007679,SOCIEDADE BENEFICENTE SAO CAMILO,23,201505
60975737007750,SOCIEDADE BENEFICENTE SAO CAMILO,51,201505
60975737007830,SOCIEDADE BENEFICENTE SAO CAMILO,31,201505
60975737007911,SOCIEDADE BENEFICENTE SAO CAMILO,51,201505
60975737008055,SOCIEDADE BENEFICENTE SAO CAMILO,35,201505
60975737008136,SOCIEDADE BENEFICIENTE SAO CAMILO,35,201505
60975737008489,SOCIEDADE BENEFICENTE SAO CAMILO,35,201505
60975976000101,ASSOCIACAO BENEFICIENTE NOSSA SENHORA DE NAZARE,35,201505
60979457000111,ASSOCIACAO DE ASSISTENCIA A CRIANCA DEFICIENTE,35,201505
60988813000163,HOSPITAL VERA CRUZ LTDA,35,200801
60990751001791,FUNDACAO SAO PAULO,35,201505
60992427000650,BENEFICENCIA NIPO BRASILEIRA DE SAO PAULO,35,201503
60992427001893,BENEFICENCIA NIPO BRASILEIRA DE SAO PAULO,35,201505
61599908000158,REAL E BENEMERITA ASSOCIACAO PORTUGUESA DE BENEFICENCIA,35,201505
61599908003173,REAL E BENEMERITA ASSOCIACAO PORTUGUESA DE BENEFICENCIA,35,201505
61617908000214,CONGREGACAO DAS IRMAS HOSPITALEIRAS D0 SAGR COR DE JESUS,35,201505
61617908000303,CONGREGACAO DAS IRMAS HOSPITALEIRAS DO SAG CORACAO DE JESUS,31,201505
61617908000486,CONGREGACAO DAS IRMAS HOSPIT DO SAGRADO CORACAO DE JESUS,35,201505
61626958000187,HOSPITAL JOAO EVANGELISTA,35,200801
61667580000160,ASSOCIACAO BENEFICENTE DOS HOSPITAIS SOROCABANA,35,200801
61667580000240,ASSOCIACAO BENEFICENTE HOSPITAIS SOROCABANA,35,200801
61699567000192,SPDM ASSOCIACAO PAULISTA PARA O DESENVOLVIMENTO DA MEDICINA,35,201505
61699567004694,SPDM ASSOCIACAO PAULISTA PARA O DESENVOLVIMENTO DA MEDICIN,42,201505
61705877000334,ASSOCIACAO EVANGELICA BENEFICENTE,35,201504
61821344000156,SECRETARIA DE ESTADO DA SAUDE DE SAO PAULO,35,201209
61956496000247,CENTRO DE VALORIZACAO DA VIDA,35,201505
61957627000120,CASA DE DAVID TAB ESPIRITA PARA EXCEPCIONAIS,35,201505
61986402000282,ASSOCIACAO FILHAS DE SAO CAMILO,42,201505
61986402000363,ASSOCIACAO FILHAS DE SAO CAMILO,31,201505
61986402000797,ASSOCIACAO FILHAS DE SAO CAMILO,31,201505
61986402001173,ASSOCIACAO FILHAS DE SAO CAMILO,29,201505
61986402001254,ASSOCIACAO FILHAS DE SAO CAMILO,43,201505
61986402001416,ASSOCIACAO FILHAS DE SAO CAMILO,35,201505
61986402001505,ASSOCIACAO FILHAS DE SAO CAMILO,41,201505
62106505000192,CRUZ AZUL DE SAO PAULO,35,201502
62220637000302,CENTRO ESPIRITA NOSSO LAR CASAS ANDRE LUIZ,35,201505
62277207002290,ORGANIZACAO SANTAMARENSE DE EDUCACAO E CULTURA OSEC,35,201403
62424536000191,SOCIAM ASSISTENCIA MEDICA LTDA,35,201505
62779145000947,ISCMSP CENTRO DE ATENCAO INTEGRADA A SAUDE MENTAL,35,201505
62827860000150,CASA DA CRIANCA BETINHO LAR ESPIRITA P EXCEPCIONAIS,35,201505
62932942000165,INSTITUTO BRASILEIRO DE CONTROLE DO CANCER,35,201505
63025530008270,UNIVERSIDADE DE SAO PAULO HRAC,35,201505
63025530008512,HOSPITAL UNIVERSITARIO DA UNIVERSIDADE DE SAO PAULO,35,201505
63086359000224,POLICLINICA DE IRECE LTDA,29,200801
63088645000148,HOSPITAL E MATERNIDADE PONTE NOVA S C LTDA,29,201505
63112114000143,PREFEITURA MUNICIPAL DE GENTIO DO OURO,29,200801
63177125000101,HOSPITAL E MATERNIDADE PINDAI S/C LTDA,29,200801
63177745000221,ASSOCIACAO BENEFICENTE SAO PEDRO,29,201505
63177745000302,ASSOCIACAO BENEFICENTE SAO PEDRO,32,201503
63254312000141,E B S FERNANDES E CIA LTDA,29,201505
63259618000190,LITHOCENTER HOSPITAL DIA LTDA,29,200801
63403018000154,PREFEITURA MUNICIPAL DE ARARI,21,201503
63451363000244,PREFEITURA MUNICIPAL DE TURIACU,21,201505
63534697000109,MELO GOIABEIRA LTDA,21,200801
63573521000158,CLINICA NOSSA SENHORA DAS GRACAS SC,21,201505
63602940000170,FUNDACAO HOSPITAL ESTADUAL DO ACRE,12,201505
63678320000115,FUND DE HEMAT E HEMOTERAPIA DO AMAZONAS,13,201505
63761019000170,CENTRO DE MEDICINA TROPICAL DE RONDONIA,11,201505
63761944000282,PREFEITURA MUNICIPAL DE GOVERNADOR JORGE TEIXEIRA,11,201505
63761985000279,PREFEITURA MUNICIPAL DE MONTE NEGRO,11,201411
63761993000215,PREFEITURA MUNICIPAL DE SERINGUEIRAS,11,201505
63762009000230,UNDADE MISTA DE SAUDE DE NOVO HORIZONTE DO OESTE,11,201505
63801575000123,CLINICA DE ACIDENTADOS SAO FRANCISCO,15,201505
63813331000160,HOSPITAL DAS CLINICAS DE DOM ELISEU,15,201505
64486822000298,CONSORCIO INTERMUNICIPAL DE SAUDE DO ALTO SAO FRANCISCO,31,201505
65712689000122,SANTA CASA DE MISERICORDIA DE CAJOBI,35,201505
65713471000192,IRMANDADE DA SANTA CASA DE MISERICORDIA DE POPULINA,35,201412
66229196000107,HOSPITAL JESUS MENINO,31,200801
67185694000150,GRUPO DE APOIO AO ADOLESCENTE E A CRIANCA COM CANCER GRAAC,35,201505
69428597000257,PREFEITURA MUNICIPAL DE TASSO FRAGOSO,21,200801
69574929000120,HOSPITAL E MATERNIDADE DE TIMON LTDA,21,200801
69602100000194,JOSE LINCOLIN SOBRAL MATOS,22,200801
69697290000170,ASSOC BENEF FAM CARENTES PACAJUS,23,200801
69924546000135,CLIPS II HOSPITAL GERAL MENINO JESUS,26,200801
70014030000132,INSTITUTO DA VISAO LTDA,27,201505
70134440000117,HOSPITAL E MAT MARIA J MARANHAO,25,201505
70524145000177,HOSPITAL DE MEDICINA ESPECIALIZADA LTDA,51,201505
70524178000117,SOCIEDADE BENEF HOSP DR BEZERRA DE MENEZES,50,201505
70914171000101,HOSPITAL BENEFICIENTE SAO LUCAS DE SAO PEDRO,35,201505
70945936000170,IRMANDADE DA SANTA CASA DE MISERICORDIA DE SAO ROQUE,35,201505
71033278000103,CASA DE SAUDE SAO JANUARIO,31,201505
71051536000184,SANTA CASA DE MISERICORDIA DE GRAMA,35,201505
71071666000189,SANTA CASA DE MISERICORDIA DE SAO SIMAO,35,201505
71262703000136,ASSOCIACAO DA SANTA CASA DE MISERICORDIA DE SERRA NEGRA,35,201505
71305635000145,SOCIEDADE BENEFICENTE HOSP STACASA DE MISERICORDIA SERRANA,35,201503
71326292000103,IRMANDADE DA SANTA CASA DE SERTAOZINHO,35,201502
71352488000164,REZENDE OLIVEIRA E OLIVEIRA LTDA,31,200801
71408546000124,IRMANDADE DA SANTA CASA DE MISERICORDIA DE SOCORRO,35,201505
71462501000138,INSTITUTO PSIQUIATRICO PROF ANDRE TEIXEIRA LIMA LTDA,35,201505
71485056000121,IRMANDADE DA SANTA CASA DE MISERICORDIA DE SOROCABA,35,200801
71858880000180,HOSPITAL PSIQUIATRICO VERA CRUZ SC LTDA,35,200801
71867600000108,ASSOCIACAO PROTETORA DOS INSANOS DE SOROCABA,35,200801
71981476000107,ASSOCIACAO BENEFICENTE DE TABAPUA,35,201505
71991087000154,SANTA CASA DE MISERICORDIA SAO MIGUEL,35,201505
72052350000102,IRMANDADE DA SANTA CASA DE MISERICORDIA DE TAMBAU,35,201505
72079114000180,SANTA CASA SAO VICENTE DE PAULO DE TANABI,35,201505
72127210000156,IRMANDADE STA CASA DE MISER E MATERN D ZILDA SALVAGNI,35,201505
72189582000107,SANTA CASA DE MISERICORDIA DE TATUI,35,201505
72386212000160,INSTITUTO DOUTOR FRANCISCO SPINOLA,33,201505
72457716000123,SANTA CASA DE MISERICORDIA DE TIETE,35,201505
72510480000141,CENTRO DE ONCOLOGIA CASCAVEL SC LTDA,41,201505
72510480000303,CENTRO DE ONCOLOGIA CASCAVEL S C LTDA,41,201505
72547623000190,SANTA CASA DE MISERICORDIA DE TUPA,35,201505
72551799000115,HOSPITAL BENEFICENTE SAO JOSE,35,201505
72557689000160,CASA DA CRIANCA DE TUPA,35,201505
72576143000157,SERVICOS HOSPITALARES YUGE LTDA,53,201504
72699119000105,IRMANDADE SANTA CASA DE MISERICORDIA DE TUPI PAULISTA,35,201505
72747967000142,SANTA CASA DE MIS IRMANDADE DO SENHOR DOS PASSOS DE UBATUBA,35,201505
72790280000190,IRMANDADE DE MISERICORDIA DE URUPES,35,201505
72835804000111,SANTA CASA DE MISERICORDIA DE VALPARAISO,35,201505
72863665000130,HOSPITAL DE CARIDADE DE VARGEM GRANDE DO SUL,35,201505
72909179000105,IRMANDADE DA SANTA CASA DE VINHEDO,35,201505
72938079000107,HOSPITAL E MATERNIDADE SAO VICENTE DE PAULO,35,201505
72957814000120,SANTA CASA DE MISERICORDIA DE VOTUPORANGA,35,201505
73027690000146,SANTA CASA DE MISERICORDIA DE CHAVANTES,35,201505
73360539000125,ASSOCIACAO BENEFICENTE DA POLICIA MILITAR,42,201505
73433427000157,FUNDACAO DE SAUDE DO ALTO VALE DO ITAJAI,42,201505
73488637000142,HOSPITAL SENHOR DO BONFIM LTDA,29,200801
73547937000155,HOSPITAL ITAGIBA LTDA ME,29,201505
73610818000280,FUNDACAO COMUNITARIA DE ENSINO SUPERIOR DE ITABIRA,31,201505
73696718000219,INST ADV ESTE BRASPREV ASSIST SAUDE HOSP ADV SILVESTRE,33,201505
73711236000100,PRO MEDICA LTDA,22,201505
73976722000150,HOSPITAL MATERNIDADE RIBEIRO CRUZ LTDA,29,201505
74026501000183,CLINICA E MATERNIDADE IRAMAIA LTDA,29,200801
74064627000142,SOCIEDADE HOSPITALAR VITORIA LTDA,51,200801
75095679000220,UNIVERSIDADE FEDERAL DO PARANA,41,201505
75095679000572,UNIVERSIDADE FEDERAL DO PARANA,41,201505
75097428000101,HOSPITAL PINEL LTDA,41,201505
75225425000106,CLINICA DE ORTOPEDIA E TRAUMATOLOGIA DE LONDRINA LTDA,41,200801
75229021000182,CLINICA PSIQUIATRICA DE LONDRINA LTDA,41,201505
75255091000105,CLINICA MEDICO SOCIAL RURAL,41,201503
75266155000173,NILSON C BINDER E CIA LTDA,41,201505
75349795000147,FUNDACAO HOSPITALAR DE ASTORGA,41,201505
75354621000172,SANTA CASA DE MISERICORDIA DE ABATIA,41,201505
75367268000165,SANTA CASA DE MISERICORDIA DE ENGENHEIRO BELTRAO,41,201505
75379024000100,HOSPITAL E MATERNIDADE SANTA TEREZINHA LTDA,41,201505
75400721000198,ARAUJO FERREIRA E CIA LTDA,41,200801
75403287000108,IRMANDADE DA SANTA CASA DE ARAPONGAS,41,201505
75433334000158,HOSPITAL BENEFICENTE SAO JOSE DE CAIBI,42,201505
75438655000307,FUNDACAO HOSPITALAR MUNICIPAL DE CORREIA PINTO,42,201505
75444471000198,HOSPITAL SAO ROQUE SOCIEDADE BENEFICIENTE DE LUZERNA,42,201505
75511469000194,ARIEL DE BARROS MENEZES LTDA,41,200801
75518530000125,CLINICA SANTA CRUZ LTDA,41,201505
75524157000115,HOSPITAL NOSSA SENHORA CONSOLATA,41,201505
75526756000178,HOSPITAL SAO JUDAS TADEU DE MANGUEIRINHA LTDA,41,201505
75538389000122,JOSE ACACIO HNATUW,41,201505
75574418000101,HOSPITAL E MAT SANTA MARCELINA LTDA,41,201505
75584193000174,HOSPITAL E MATERNIDADE SANTA CRUZ LTDA,41,200801
75591081000140,HOSPITAL CRISTO REI DE QUEDAS DO IGUACU LTDA,41,201505
75608547000173,ASSOCIACAO HOSPITALAR BOM JESUS,41,201505
75608547000335,ASSOCIACAO HOSPITALAR BOM JESUS,41,201505
75623181000101,ASSOCIACAO HOSPITALAR BENEFICENTE DE BANDEIRANTES,41,201505
75683276000110,IRMANDADE DA SANTA CASA DE MISERICORDIA DE PRUDENTOPOLIS,41,201505
75731000000837,PREFEITURA MUNICIPAL DE FLORAI,41,200801
75741330000137,MUNICIPIO DE IVAIPORA,41,201504
75753442000108,CENTRO DE TRIAGEM E OBRAS SOCIAIS DO VALE DO IVAI,41,201505
75757849000103,SANTA CASA DE MISERICORDIA DE CAMBE,41,201505
75802348000100,MATERNIDADE E CIRURGIA NOSSA SENHORA DO ROCIO LTDA,41,201505
75807073000199,HOSPITAL E MATERNIDADE PAROLIN LTDA,41,201505
75829408000170,FUNDACAO DO HOSPITAL E MATERNIDADE SANTA ADELAIDE,41,201503
75851097000145,HOSPITAL REGIONAL DE DOURADINA,41,201505
75866244000150,AURELIO REGASSO,41,201505
75886325000112,THEODORO BUSSO BECK,41,201505
75887471000162,SANTA CASA DE MISERICORDIA MARIA ANTONIETA,41,201502
75944710000179,POLICLINICA RONDON LTDA,41,200801
75957431000140,ASSOCIACAO SOCIAL DE NOSSA SENHORA APARECIDA DE TURVO,41,201505
75981290000109,HOSPITAL NOSSA SENHORA DE LOURDES LTDA,41,201505
75984195000150,HOSPITAL SUDOESTE LTDA,41,201505
76021476000170,HOSPITAL E MATERNIDADE IMACULADA CONCEICAO,41,201505
76022516000280,PREFEITURA MUNICIPAL DE ANTONINA,41,201505
76048339000120,POLICLINICA CRISTO REI LTDA,41,201505
76051317000119,HOSPITAL SAO JOAO DO IVAI II,41,201505
76060235000130,HOSPITAL E MATERNIDADE IVAIPORA LTDA,41,201505
76080027000101,HOSPITAL SAO LUCAS DE CASCAVEL LTDA,41,201505
76081199000191,HOSPITAL E MATERNIDADE PARAIBA LTDA,41,201505
76081892000164,HOSPITAL POLICLINICA CASCAVEL LTDA,41,200801
76104058000147,HOSPITAL DE OLHOS DO PARANA LTDA,41,201505
76105543001107,PREFEITURA MUNICIPAL DE SAO JOSE DOS PINHAIS,41,200801
76128164000160,SOCIEDADE BENEFICENTE HOSPITALAR DE CONGONHINHAS,41,200801
76133222000144,HOSPITAL DE SANTO INACIO LTDA,41,200801
76179548000102,HOSPITAL SANTO ANTONIO DE CANTAGALO,41,201505
76195452000138,HOSPITAL E MATERNIDADE SAO SEBASTIAO,41,201505
76212265000115,IRMANDADE STA CASA DE MIS NOSSA SRA DO ROSARIO DE COLOMBO,41,200801
76245596000151,VILLA NORMANDA CLINICA PSIQUIATRICA COMUNITARIA SC LTDA,41,201505
76256064000110,CASA DE MISERICORDIA DE CORNELIO PROCOPIO,41,201505
76266279000111,HOSPITAL VERA CRUZ DO OESTE,41,201505
76279959000250,PREFEITURA MUNICIPAL DE PRES CASTELO BRANCO,41,201504
76290709000211,PREFEITURA MUNICIPAL DE ASSAI,41,201501
76411719000187,REINALDO ALCEU GASPARELO,41,200801
76414408000171,POLICLINICA SANTA HELENA LTDA,41,200801
76416866000816,SECRETARIA DE ESTADO DA SAUDE,41,201505
76416866000905,SECRETARIA DE ESTADO DA SAUDE,41,201505
76416866001898,SECRETARIA DE ESTADO DA SAUDE,41,201208
76416866002517,SECRETARIA DE ESTADO DA SAUDE,41,201505
76416866003408,SECRETARIA DE ESTADO DA SAUDE,41,201505
76416866003670,SECRETARIA DE ESTADO DA SAUDE,41,201505
76416866003750,SECRETARIA DE ESTADO DA SAUDE,41,201505
76416866003831,SECRETARIA DE ESTADO DA SAUDE,41,201505
76416866004137,SECRETARIA DE ESTADO DA SAUDE,41,201505
76416866004218,SECRETARIA DE ESTADO DA SAUDE,41,201505
76416866004560,SECRETARIA DE ESTADO DA SAUDE,41,201505
76416866004641,SECRETARIA DE ESTADO DA SAUDE,41,201411
76416866004722,SECRETARIA DE ESTADO DA SAUDE,41,201505
76416866004803,SECRETARIA DE ESTADO DA SAUDE,41,201505
76416866004994,SECRETARIA DO ESTADO DE SAUDE,41,201505
76427152000137,FUNDACAO MEDICO ASSISTENCIAL DE CAPITAO LEONIDAS MARQUES,41,201505
76440577000186,CLINICA HEIDELBERG LTDA,41,200801
76443951000105,MURAOKA E SARUASHI,41,200801
76449297000139,HOSPITAL SANTO ANTONIO DO IGUACU LTDA,41,200801
76498013000102,HOSPITAL NOSSA SENHORA DO PILAR LTDA,41,201505
76502897000113,HOSPITAL SAO LUCAS SA,41,201505
76544741000600,FEDERACAO ESPIRITA DO PARANA,41,201505
76555069000143,HOSPITAL SANTA CRUZ SOCIEDADE ANONIMA,41,201412
76562198000169,HOSPITAL NOSSA SENHORA DAS GRACAS,41,201505
76562198000240,HOSPITAL NOSSA SENHORA DAS GRACAS,41,201505
76562198000320,HOSPITAL NOSSA SENHORA DAS GRACAS,42,201505
76562198000401,HOSPITAL NOSSA SENHORA DAS GRACAS,41,201505
76562198000592,HOSPITAL NOSSA SENHORA DAS GRACAS,41,201505
76562198000673,HOSPITAL NOSSA SENHORA DAS GRACAS,41,201505
76575604000209,SOCIEDADE EVANGELICA BENEFICENTE DE CURITIBA,41,201505
76578137001595,PROV BRAS CONG IRM CAR SAO VICENTE DE PAULO,43,200801
76578137001757,PROV BRAS DA CIFC DE SAO VICENTE DE PAULO,41,200801
76591569000130,ASSOCIACAO HOSPITALAR DE PROTECAO A INFANCIA DR RAUL CARNEIR,41,201505
76613835000189,IRMANDADE DA SANTA CASA DE MISERICORDIA DE CURITIBA,41,201505
76613835000260,HOSPITAL PSIQUIATRICO NOSSA SENHORA DA LUZ,41,200801
76613835000774,IRMANDADE DA SANTA CASA DE MISERICORDIA DE CURITIBA,41,201505
76659820000232,ASSOCIACAO PARANAENSE DE CULTURA HUC,41,201505
76659820002367,ASSOCIACAO PARANAENSE DE CULTURA,41,201503
76683986001428,INSTITUTO DE SAUDE DO ESTADO DO PARANA,41,200801
76683986001690,ISEP HOSPITAL HIPOLITO E AMELIA ALVES DE ARAUJO,41,200801
76700244000149,FUNDACAO HOSPITALAR DE CAMBORIU,42,201505
76718527000118,HOSPITAL MENINO DEUS LTDA,41,201505
76782143000164,POLICLINICA NOVA PRATA DO IGUACU LTDA,41,201505
76783109000104,HOSPITAL GUARANIACU LTDA,41,201505
76839588000133,CLINICA MEDICA HJ LTDA,41,201505
76883370000267,SOCIEDADE BENEFICENTE LAR BELEM,41,201505
76898154000104,HOSPITAL E LABORATORIO DE ANALISES CLINICAS LTDA,41,200801
76898378000116,SOCIEDADE HOSPITALAR DOS TRABALHADORES RURAIS DE VERE,41,201505
76910900000138,FUNDO MUNICIPAL DE SAUDE,41,201211
76911635000102,HOSPITAL E MATERNIDADE DE SENGES,41,201505
76911999000192,HOSPITAL E MATERNIDADE SAO PAULO DE PALMAS LTDA,41,200801
76953702000151,CLINICA DE OLHOS PARANAVAI LTDA,41,201505
76970334000230,PREFEITURA MUNICIPAL DE PARANACITY,41,201106
77024735000180,HOSPITAL E MATERNIDADE MAE DE DEUS LTDA,41,200801
77028058000178,HOSPITAL SANTA CRUZ DO PINHAO LTDA,41,201505
77105021000104,MIKAMI E MAEDA,41,201505
77115541000190,TRICHES E TRICHES LTDA,41,200801
77132975000106,HOSPITAL SAO JOAO DE SANTA CRUZ LTDA,41,200801
77142867000106,JOSE CINCINATO AIRES CORREIA,41,201505
77199610000190,GOMES E AZEVEDO,41,200801
77238947000160,IRMANDADE DA SANTA CASA SAO VIVENTE DE PAULO TERRA BOA,41,201505
77250678000157,SOCIEDADE BENEFICIENTE DE SANTA AMELIA,41,201505
77251544000150,FUNDACAO VALE DO PARANAPANEMA,41,201505
77288835000113,HOSPITAL E MATERNIDADE SANTA CATARINA LTDA,41,200801
77292860000170,HOSPITAL SANTA MONICA DE MEDIANEIRA LTDA,41,201505
77302818000193,HOSPITAL SAO LUCAS DE ASSIS CHATEAUBRIAND LTDA,41,201505
77332682000164,HOSPITAL SAO CAMILO LTDA,41,201505
77403145000168,POLICLINICA DOIS VIZINHOS LTDA,41,201505
77418341000106,SOCIEDADE HOSPITAL E MATERNIDADE NOSSA SENHORA DO CARAVAGGIO,41,201408
77444131000192,FUNDACAO MEDICA ASSISTENCIAL DO MUNICIPIO DE INDIANOPOLIS,41,200801
77509479000110,FUNDACAO MEDICA E HOSPITALAR DO TRAB RURAL DE QUITANDINHA,41,201505
77543296000111,CLAUDIO GOLEMBA,41,201505
77545887000128,HOSPITAL SANTA MARIA DE GOIOERE LTDA,41,201502
77617785000170,CASA DE SAUDE SANTO AGOSTINHO LTDA AMPERE,41,200801
77645513000184,POLICLINICA SAO MARCOS CM LTDA,41,201311
77679785000103,HOSPITAL E MATERNIDADE SAO LUIZ LTDA,41,200801
77766566000153,WILSON JOSE SILVA NUNES E CIA LTDA,41,201505
77781706000243,UNIMED PONTA GROSSA COOPERATIVA DE TRABALHO MEDICO,41,201402
77799823000153,HOSPITAL DAS NACOES LTDA,41,201411
77810505000146,POLICLINICA SAO VICENTE DE PAULA LTDA,41,200801
77812519000107,SOCIEDADE HOSPITALAR BELTRONENSE LTDA,41,201505
77813335000153,HOSPITAL E MATERNIDADE IMACULADA CONCEICAO LTDA REALEZA,41,201505
77893469000121,HOSPITAL DE CARIDADE SAO VICENTE DE PAULO,41,201505
77992709000145,HOSPITAL DAS CLINICAS DE UBIRATA,41,200801
78038114000118,SOCIEDADE HOSPITALAR BENEFICENTE DE ANDIRA,41,201505
78040417000175,SANTA CASA DE MISERICORDIA DE GUARATUBA,41,200801
78062734000192,HOSPITAL E MATERNIDADE JAIME CANET,41,200912
78077906000100,ASSOCIACAO DA SANTA CASA DE IBIPORA,41,201505
78143153000185,IRMANDADE DO HOSPITAL DE CARIDADE DE IRATI,41,201505
78149051000177,MACHIMA CIA LTDA,41,201412
78151438000168,DAPAWAL SERVICOS MEDICOS LTDA,41,201505
78184884000179,HOSPITAL MATERNIDADE SAO LOURENCO LTDA,41,201505
78189537000139,INSTITUTO DE ONCOLOGIA E HEMATOLOGIA MARINGA LTDA,41,201505
78191574000181,FUNDACAO MEDICA ASSISTENCIAL TRABALHADOR RURAL RONDON,41,201505
78195971000121,ALBERGUE NOTURNO NOSSO LAR,41,201505
78199312000163,FUNDACAO HOSPITALAR DO TRAB RURAL DE SAO JORGE IVAI,41,201505
78209558000179,MISERICORDIA DE JACAREZINHO,41,201505
78250677000175,HOSPITAL E MATERNIDADE NOSSA SENHORA DE COPACABANA,41,201505
78276409000122,SANTA CASA DE MISERICORDIA NOSSA SENHORA DO ROSARIO,41,201505
78297090000111,ASSOCIACAO BENEFICIENTE CASA DE MISERICORDIA DE CAMBARA,41,201505
78347077000120,HOSPITAL MADRE TEREZA DE CALCUTA,41,201505
78358041000141,JERONYMO MARTINEZ,41,200801
78372539000169,ABIMED SERVICOS MEDICOS LTDA,41,201505
78419264000171,CASA DE SAUDE E MATERNIDADE DE QUINTA DO SOL,41,200801
78478328000105,FUNDACAO MEDICA ASS I DO TRABALHADOR RURAL SAO JOSE CERRITO,42,201501
78478559000119,ASSOCIACAO BENEFICENTE HOSPITALAR PERITIBA,42,201505
78478559000208,ASSOCIACAO BENEFICENTE HOSPITALAR PERETIBA,42,201505
78480456000193,SOCIEDADEHOSPITALAR BENEFICENTE SANTA MARTA,42,200801
78503711000176,HOSPITAL MUNICIPAL DE DIONISIO CERQUEIRA,42,200904
78517075000131,HOSPITAL BOM JESUS DE CAMPO NOVO LTDA,41,201407
78613841000161,ASSOCIACAO EVANGELICA BENEFICENTE DE LONDRINA,41,201505
78614971000461,IRMANDADE DA SANTA CASA DE LONDRINA,41,201505
78633088000176,INSTITUTO DE CANCER DE LONDRINA,41,201505
78640489000315,UNIVERSIDADE ESTADUAL DE LONDRINA,41,201505
78680337000770,UNIVERSIDADE ESTADUAL DO OESTE DO PARANA,41,201505
78734282000148,POLICLINICA CHOPINZINHO LTDA,41,201505
78774221000104,CASA DE SAUDE DR ENIO COSTA LTDA,41,200801
78804572000110,AM CALIXTO CIA LTDA,41,200801
78897519000101,HOSPITAL DE CARIDADE SAO PEDRO,41,201505
78956646000134,CASA DE SAUDE E MATERNIDADE NSRA APARECIDA LTDA,41,201505
79061677000190,NESTOR DO VAL E CIA LTDA,41,200801
79066593000149,E SALVADOR E SPIGOLON LTDA,41,200801
79068870000152,HOSPITAL SAO PEDRO LTDA,41,200801
79114500000104,HOSPITAL E MATERNIDADE MARINGA SA,41,200805
79115762000193,IRMANDADE SANTA CASA DE MISERICORDIA DE MARINGA,41,201505
79119269000141,HOSPITAL E MATERNIDADE SANTA LUCIA LTDA,41,201505
79129110000108,SANATORIO MARINGA LTDA,41,201505
79260154000172,PREFEITURA MUNICIPAL DE SAPOPEMA,41,200801
79337135000105,HOSPITAL E MATERNIDADE DE MORRETES,41,201505
79354346000148,HOSPITAL NOROESTE LTDA,41,201505
79376760000158,HOSPITAL MUNICIPAL DE MAJOR VIEIRA,42,201505
79447876000130,HITLER DOS SANTOS E CIA LTDA,41,200801
79476578000179,HOSPITAL E MATERNIDADE SAO JOSE DE JANDAIA LTDA,41,200801
79539383000120,HOSPITAL SANTA PELIZZARI LTDA,41,201505
79572665000120,HOSPITAL DE CARIDADE DE PALMEIRA,41,201505
79604534000187,CENTRAL MEDICA DE CAMPINA DA LAGOA LTDA,41,201505
79691267000122,DORIVAL RICCI CIA LTDA,41,201505
79852778000189,POLICLINICA PATO BRANCO SA,41,201505
79864534000116,HOSPITAL DR JULIO ZAVALA BARRIENTOS,41,201505
79865846000144,SINDICATO DOS TRABALHADORES RURAIS DE ITAPEJARA D OESTE,41,200801
80088263000133,HOSPITAL SANTA LUZIA DE DEOLINDO JOSE BAGGIO,42,201505
80104284000103,HOSPITAL SAO JORGE LTDA,42,201505
80137375000137,CLINICA MEDICO CIRURGICA DE PIRAQUARA,41,201412
80147804000157,IRMANDADE SAO VICENTE DE PAULO,41,201505
80205685000141,ASSOCIACAO DE PESQUISA E TRATAMENTO ALCOOLISMO,41,201505
80234826000405,ASSOCIACAO MISSIONARIA DE BENEFICENCIA,51,201504
80234826001126,SOCIEDADE DE ENSINO E BENEFICENCIA PROVINCIA DO SUL,41,200801
80238926000159,SANTA CASA DE MISERICORDIA DE PONTA GROSSA,41,201505
80241078000137,ASS DE PROTECAO A MATERNIDADE E INFANCIA P GROSSA,41,201505
80251838000278,SEBPG HOSPITAL EVANGELICO DE PONTA GROSSA,41,200801
80352925000130,HOSPITAL SUGISAWA LTDA,41,201505
80523061000172,HOSPITAL E MATERNIDADE BOA ESPERANCA LTDA,41,201505
80534480000100,HOSPITAL E MATERNIDADE AZEVEDO LTDA,41,200801
80612294000141,HOSPITAL SANTA CASA,41,201505
80617319000108,FUNDO MUNICIPAL DE SAUDE DE IBAITI,41,200907
80636475000108,PREFEITURA MUNICIPAL DE CHAPECO,42,201005
80643117000122,HOSPITAL MUNICIPAL ANCHIETENSE,42,201411
80665128000103,HOSPITAL DE CARIDADE SAO VICENTE DE PAULO,41,201505
80672561000176,HOSPITAL DE CARIDADE DONA DARCY VARGAS,41,201505
80724586000176,SANTA CASA DE MISERICORDIA DE RIBEIRAO CLARO,41,201505
80759111000115,HOSPITAL DE CARIDADE SAO FRANCISCO DE ASSIS,41,201505
80764889000112,OFTALMOCLINICA CURITIBA SC LTDA,41,201505
80788821000173,HOSPITAL MUNICIPAL ALVADI MONTICELLI,41,201505
80860273000145,SOCIEDADE HOSPITAL BOM JESUS,41,201505
80899834000110,HOFTALMAR HOSPITAL DE OLHOS LTDA,41,201505
80906639000170,ASSOCIACAO BENEFICENTE SAO RAFAEL,41,201505
80910383000174,CASA DE SAUDE ROLANDIA LTDA SC,41,201505
80926751000172,CONSELHO COMUNITARIO HOSP DR UBIRAJARA CONDESSA DE ITAMBARA,41,201505
81040024000176,UGO ROBERTO ACCORSI,41,201505
81124190000150,MARCANTE GUIMARAES E VIEIRA LTDA STO ANTONIO SUDOESTE,41,201505
81161366000144,FUNDACAO HOSPITALAR DE IMBUIA,42,201505
81161697000184,HOSPITAL NOSSA SENHORA DA SAUDE,41,201505
81190449000242,FUNDACAO DE ESTUDOS DAS DOENCAS DO FIGADO KOUTOULAS RIBEI,41,201505
81190449000404,FUNDACAO DE ESTUDOS DAS DOENCAS DO FIGADO KOUTOULAS RIBEI,41,201505
81270209000177,HOSPITAL DE OLHOS CENTRO OFTALMOLOGICO DE CASCAVEL SC LTDA,41,201505
81270548000153,UNIAO OESTE PARANAENSE DE ESTUDOS E COMBATE AO CANCER,41,201505
81286254000110,FUNDACAO HOSPITALAR MUNICIPAL DE CANELINHA,42,201505
81286668000149,HOSPITAL MUNICIPAL MONSENHOR JOSE LOCKS,42,201505
81308868000155,HOSPITAL E MATERNIDADE DE SAO JOSE DOS PINHAIS,41,200801
81356321000125,HOSPITAL E MATERNIDADE DR PAULO FORTES,41,201505
81471757000165,HOSPITAL OSVALDO CRUZ,41,201505
81590051000112,BIELA E FREDERICO LTDA,41,201407
81609091000169,HOSPITAL SAO VICENTE DE PAULO,41,201505
81637373000170,FUNDACAO HOSPITALAR DE SAUDE MUNICIPAL,41,200801
81644718000112,ASSOCIACAO DE PROTECAO A MATERNIDADE E A INFANCIA,41,201505
81702300000114,C L MANOEL LTDA,41,200801
81722621000180,IRMANDADE DA SANTA CASA DE URAI,41,201502
81752347000192,SOCIEDADE HOSPITAL DE CARIDADE SAO SEBASTIAO,41,201505
81818973000134,SANTA CASA DE MISERICORDIA DE SIQUEIRA CAMPOS,41,201505
81834871000102,HOSPITAL OSVALDO CRUZ LTDA,41,201505
81856262000154,HOSPITAL DO SINDICATO DOS TRABALHADORES RURAIS DE ALTONIA,41,200801
81866238000287,INSTITUTO DE OLHOS DE FLORIANOPOLIS,42,201504
82339284000100,HOSPITAL E MATERNIDADE QUATRO PONTES LTDA,41,200801
82535832000177,FUNDACAO MED ASSISTENCIAL DO TRAB RURAL DE SAO BONIFACIO,42,201505
82558487000197,HOSPITAL MUNICIPAL HENRIQUE LAGE,42,201505
82602327000360,UNIMED DE JOINVILLE COOPERATIVA DE TRABALHOS MEDICOS,42,201503
82653163000138,ASSOC HOSPITALAR BENEFICENTE MISERICORDIA DE VILA ITOUPAVA,42,201505
82654088000120,FUNDACAO HOSPITALAR DE BLUMENAU,42,201505
82733767000194,FUNDACAO MEDICO SOCIAL RURAL DE PONTE ALTA,42,201505
82763798000430,COMUNIDADE EVANGELICA DE RIO DO SUL,42,201505
82776550000161,HOSPITAL NOSSA SENHORA DA PAZ,42,201505
82788548000102,HOSPITAL NOSSA SENHORA DO PATROCINIO,42,201505
82804592000169,FUNDACAO MEDICA ASSISTENCIAL DO TRABALHADOR RURAL,42,201505
82808759000160,FUNDACAO MEDICO ASSISTENCIAL DO TRAB RURAL DE NOVA ERECHIM,42,201505
82817172000117,FUNDACAO HOSPITALAR E ASSISTENCIAL DE CUNHA PORA,42,201505
82827304000191,FUNDACAO MEDICA SOCIAL RURAL SALTO VELOSO,42,201505
82832361000169,HOSPITAL SAO LUCAS,42,201505
82951245000835,HOSPITAL GOVERNADOR CELSO RAMOS,42,201505
82951245000916,HOSPITAL INFANTIL JOANA DE GUSMAO,42,201505
82951245001050,SECRETARIA DE ESTADO DA SAUDE,42,201505
82951245001130,INSTITUTO DE CARDIOLOGIA,42,201505
82951245001211,HOSPITAL NEREU RAMOS,42,201505
82951245001300,SECRETARIA DE ESTADO DA SAUDE,42,201505
82951245001483,HOSPITAL COLONIA SANTANA,42,201505
82951245001564,SECRETARIA ESTADUAL DA SAUDE,42,201505
82951245001726,SECRETARIA DE ESTADO DA SAUDE,42,201505
82951245001807,SECRETARIA DE ESTADO DA SAUDE,42,201505
82951245001998,SECRETARIA DE ESTADO DA SAUDE,42,201505
82951245002102,SECRETARIA DE ESTADO DA SAUDE,42,201505
82951245002455,HOSPITAL REGIONAL HANS DIETER SCHMIDT,42,201505
82951245002536,MATERNIDADE DARCY VARGAS,42,201505
82951245002617,SECRETARIA DE ESTADO DA SAUDE,42,201505
82965070000149,HOSPITAL NOSSA SENHORA DAS GRACAS,42,201505
82986985000130,HOSPITAL ARQUIDIOCESANO CONSUL CARLOS RENAUX,42,201505
82991860000107,ASSOCIACAO HOSPITAL E MATERNIDADE DOM JOAQUIM,42,201505
83006650000171,FUNDACAO HOSPITALAR ALEX KRIESER,42,201505
83012617000154,SOCIEDADE BENEFICIENTE DOM DANIEL HOSTIN,42,201505
83024968000185,HOSPITAL SANTO ANTONIO LTDA,42,201505
83058149000159,HOSPITAL DE CARIDADE E MATERNIDADE JONAS RAMOS,42,200801
83077396000100,HOSPITAL NOSSA SENHORA APARECIDA LTDA,42,201505
83119347000185,HOSPITAL SANTA INES SA,42,200801
83135186000113,HOSPITAL NOSSA SENHORA APARECIDA,42,200801
83145052000183,HOSPITAL SAO SEBASTIAO,42,201505
83145375000177,HOSPITAL MUNICIPAL BOM JESUS,42,201505
83156455000128,FUNDACAO HOSPITALAR DR JOSE ATHANASIO,42,201505
83168377000181,VOTSFP E HOSPITAL DE CARIDADE,42,200801
83181297000166,FUNDACAO MEDASSISTTRABRURAL DE VIDAL RAMOS,42,201505
83192096000164,HOSPITAL SANTA CRUZ DE CANOINHAS,42,201505
83226175000149,ASSOCIACAO HOSPITALAR MONDAI,42,201505
83249714000165,FUNDACAO SOCIAL RURAL MEDICA SAO SEBASTIAO,42,201505
83255901000151,ASSISTENCIA SOCIAL SAO SEBASTIAO,42,201505
83269977000136,HOSPITAL SAO JOSE,42,200801
83297739000134,ASSOCIACAO HOSPITALAR BENEFICENTE DE PINHALZINHO,42,201505
83303339000194,SOCIEDADE HOSPITALAR BENEFICENTE DE MODELO,42,201505
83307488000121,CLINICA E MATERNIDADE SAO LUCAS,15,200801
83325381000106,HOSPITAL CAMILO SALGADO LTDA,15,201505
83358119000168,V S CURI SERVICOS MEDICOS LTDA,15,200801
83365635000110,CELIA SEGUISHI CHAVES,15,200801
83366526000117,CLINICA CIRURGICA SAMARITANO SC LTDA,15,201505
83389551000116,FUNDACAO MEDICO SOCIAL RURAL DE SANTA CATARINA,42,201505
83428508000112,ASSOCIACAO HOSPITALAR DE TUNAPOLIS,42,201505
83467126000106,HOSPITAL SANTO ANTONIO,42,201505
83506030000282,BENEFICENCIA CAMILIANA DO SUL,42,201505
83506030000606,BENEFICENCIA CAMILIANA DO SUL,42,201505
83506030000797,BENEFICENCIA CAMILIANA DO SUL,42,201505
83506030000878,BENEFICENCIA CAMILIANA DO SUL,43,201505
83506030001092,BENEFICENCIA CAMILIANA DO SUL,41,200801
83506030001173,BENEFICENCIA CAMILIANA DO SUL,41,201304
83506030001254,BENEFICENCIA CAMILIANA DO SUL,42,201505
83506030001505,BENEFICENCIA CAMILIANA DO SUL,42,201505
83520122000136,FUNDACAO MEDICA ASSISTENCIAL DOS TRABALHADORES RURAIS,42,201505
83574616000101,ASSOCIACAO DE ASSISTENCIA HOSPITALAR OSVALDO CRUZ,42,201505
83581496000161,HOSPITAL NATALIA ARRAES LTDA,15,200801
83589408000178,CENTRO DESAUDE CLINICO MENINO JESUS,15,200801
83627596000181,FUNDACAO HOSPITALAR DE TRES BARRA,42,201505
83632828000190,SOCIEDADE HOSPITALAR COMUNITARIA ANNEGRET NEITZKE,42,201505
83647552000113,HOSPITAL SAO JOAO BATISTA LTDA,42,200801
83684324000113,HOSPITAL E MATERNIDADE MUNICIPAL SANTO ANTONIO,42,201505
83708792000180,FUNDACAO MEDICO SOCIAL RURAL DE SAO MARTINHO,42,201505
83743450000100,SOCIEDADE HOSP COMUN PE CLEMENTE KAMPMANN,42,201505
83782284000142,SOCHOSPCOMGOV IRINEU BORNHAUSEN,42,201409
83783282000178,HOSPITAL E MATERNIDADE SANTA TEREZINHA,42,201505
83793877000104,FUNDACAO HOSPITALAR DE RIO DOS CEDROS,42,201505
83810523000120,ASSOCIACAO HOSPITALAR DE GUABIRUBA,42,200801
83828178000152,ASSOCIACAO HOSPITALAR DE VARGEAO,42,201505
83830083000173,HOSPITAL BENEFICENTE SAO ROQUE,42,201505
83835736000107,ASSOCIACAO BENEFICENTE HOSPITALAR GUARUJA,42,201505
83852418000154,FUNDACAO SOCIAL HOSPITALAR DE ICARA,42,201505
83856948000170,SOCIEDADE HOSPITALAR BENEFICENTE SAO CRISTOVAO,42,201505
83857003000173,HOSPITAL E MATERNIDADE BOM JESUS LTDA,42,200801
83860676000182,HOSPITAL IZOLDE HUBNER DALMORA,42,201505
83860684000129,HOSPITAL SANTA RITA DE CASSIA LTDA,42,201505
83871525000120,FUNDACAO MEDICO SOCIAL RURAL SANTO ANTONIO,42,201505
83883306001132,SOCIEDADE DIVINA PROVIDENCIA,42,201505
83883306001213,SOCIEDADE DIVINA PROVIDENCIA,42,201505
83883306001302,SOCIEDADE DIVINA PROVIDENCIA,42,201505
83884999000106,IRMANDADE DO SR JESUS DOS PASSOS E IMPERIAL HOSP DE CARIDADE,42,201505
83885210000131,ASSOCIACAO IRMAO JOAQUIM,42,201505
83896688000167,HOSPITAL GERAL DE ABAETETUBA SC LTDA,15,200801
84013416000134,HOSPITAL GERAL DE RORAIMA,14,200801
84013440000173,HOSPITAL ESTADUAL JOSE GUEDES CATAO,14,200801
84013457000120,UNIDADE MISTA SAO JOAO DA BALIZA,14,200801
84013465000177,HOSPITAL P0EDRO ALVOARO RODRIGUES,14,200801
84013473000113,UNIDADE MISTA RUTH QUITERIA,14,200801
84013499000161,PREFEITURA MUNICIPAL DE PACARAIMA,14,201010
84015726000198,HOSPITAL DE RORAINOPOLIS,14,200801
84045830000125,HOSPITAL NOSSA SENHORA PERPETUO SOCORRO,42,201505
84092709000154,HOSPITAL MUNICIPAL SANTO ANTONIO,42,201505
84100189000184,HOSPITAL MATERNIDADE E LABORATORIO FLEMING LTDA,13,200801
84154608000160,HOSPITAL PORTO DIAS SC LTDA,15,201311
84203132000100,HOSPITAL DE CARIDADE E MATERNIDADE SAO JOAO BATISTA,42,201505
84231281000183,ASSOCIACAO BENEFICENTE HOSPITAL BEATRIZ RAMOS,42,201505
84264217000107,FUNDACAO HOSPITALAR MUNICIPAL SANTO ANTONIO,42,201505
84306737000127,SECRETARIA DE ESTADO DE SAUDE,12,201309
84307974000293,FUNDACAO UNIVERSIDADE DO VALE DO ITAJAI,42,201505
84375690000153,INSTITUTO DE ASSISTENCIA E EDUCACAO SAO JOAO,42,201505
84399351000107,FUNDACAO MEDICA ASS AO TRABALHADOR RURAL DE ALFREDO WAGNER,42,201505
84423516000139,HOSPITAL DE CARIDADE DE JAGUARUNA,42,201505
84433945000278,COMUNIDADE EVANGELICA LUTERANA DE JARAGUA DO SUL,42,201505
84515071000117,CENTRO DE FRATURA DO AMAZONAS,13,200801
84591478000123,FUNDACAO MEDICA SOCIAL RURAL TREZE TILIAS,42,200801
84591791000161,HOSPITAL BENEFICENTE SANTO ANTONIO,42,201211
84592369000988,FUNDACAO UNIVERSIDADE DO OESTE DE SANTA CATARINA,42,201505
84703248000109,HOSPITAL MUNICIPAL SAO JOSE,42,201505
84712983000189,INSTITUICAO BETHESDA HOSPITAL BETHESDA,42,201505
84745363000227,FUNDO MUNICIPAL DE SAUDE,11,201106
84792449000120,FUND DE ASSIST A SAUDE E PROM SOCIAL DE ORTIGUEIRA,41,200801
84903988000199,HOSPITAL DE CARIDADE S B J DOS PASSOS,42,201503
84942887000127,SOCIEDADE MAE DA DIVINA PROVIDENCIAHOSP N SRA DOS PRAZERES,42,201505
84942887000399,SOCIEDADE MAE DA DIVINA PROVIDENCIA,42,201505
84946805000112,HOSPITAL SAO JOSE,42,201409
84947167000154,ASSOCIACAO BENEFICENTE SEARA DO BEM,42,201505
85018802000181,POLICLINICA SAO CARLOS DE RONCADOR LTDA,41,200801
85122083000144,FUNDACAO MEDICA ASSIST AO TRAB RURAL DE LUIS ALVES,42,201505
85131993000193,ASSOCIACAO CARIDADE SAO VICENTE DE PAULO,42,201505
85197077000156,SOCIEDADE BENEFICIENTE HOSPITALAR MARAVILHA,42,201505
85217032000104,INSTITUTO HOSPITALAR BENEFICENTE NOSSA SENHORA DAS MERCES,42,201505
85234904000134,ASSOCIACAO BENEFICENTE NOSSA SENHORA DA IMACULADA CONCEICAO,42,200801
85283299000272,UNIMED CHAPECO COOP DE TRAB MED REG OESTE CATARINENSE,42,201412
85285930000191,FUNDACAO HOSPITALAR SANTA OTILIA,42,201505
85361053000190,HOSPITAL REGIONAL DE PALMITOS,42,201505
85415339000101,MAXWELL HOSPITAL DIA DE LONDRINA SC LTDA,41,201505
85448264000165,SOCIEDADE BENEFICENTE PIRATUBA IPIRA,42,201505
85461093000538,HOSPITAL E MATERNIDADE RIO DO TESTO,42,201505
85604395000194,HOSPITAL DE CARIDADE SAO BRAZ,42,201505
85666774000109,HOSPITAL SAO ROQUE,42,201505
85878700000136,FUNDACAO MEDICO SOCIAL RURAL DE RIO FORTUNA,42,201505
85907251000107,FUNDACAO HOSPITALAR RIO NEGRINHO,42,201505
85997872000129,HOSPITAL E MATERNIDADE SANTA CECILIA,42,201505
86025897000123,SOCIEDADE HOSPITALAR SAO FRANCISCO DE ASSIS,42,201505
86108263000134,ASSOCIACAO HOSPITALAR PE JOAO BERTHIER,42,201505
86108800000146,ASSOCIACAO HOSPITALAR BENEFICENTE DE SAUDADES,42,201505
86159340000185,ASSOCIACAO BENEFICENTE BENTO CAVALHEIRO,42,201505
86185220000667,ASSOCIACAO DAS IRMAS FRANCISCANAS DE SAO JOSE,42,201505
86185220000748,CONGREGACAO DAS IRMAS FRANCISCANAS DE SAO JOSE,42,200801
86185220001043,ASSOCIACAO DAS IRMAS FRANCISCANAS DE SAO JOSE,42,201505
86185220005464,ASSOCIACAO DAS IRMAS FRANCISCANAS DE SAO JOSE,42,201505
86186509000196,INSTITUTO SAO JOSE LTDA,42,200801
86204799000153,ASSOCIACAO BENEFICENTE HOSPITALAR DE CEDRO,42,201505
86223864000198,FUNDACAO HOSPITALAR DE ASSISTENCIA AO TRABAL RURAL DE SLO,42,201505
86245982000105,ASSOCIACAO BENEFICENTE HOSPITAL SAO LUCAS,42,201505
86246675000130,HOSPITAL E MATERNIDADE VITORIA T MISSEN LTDA,42,200801
86251295000194,HOSPITAL E MATERNIDADE CRISTO REDENTOR LTDA,42,200801
86263175000107,HOSPITAL SAO PEDRO,42,201505
86324860000104,HOSPITAL E MATERNIDADE DONA LISETTE,42,201505
86325545000193,SOCIEDADE CULTURAL E BENEFICENTE SAO JOSE,42,201505
86353133000167,HOSPITAL SAO LUCAS LTDA,42,201505
86377553000264,ORDEM AUXILIADORAS DA SENHORA EVANGELICA DE TIMBO,42,201505
86377629000170,HOSPITAL SAO BENEDITO,42,200801
86404597000155,HOSPITAL TROMBUDO CENTRAL,42,201505
86437845000164,SOCIEDADE BENEFICENTE SANTA TERESINHA,42,201505
86513124000196,HSS HOSPITAL SAO SEBASTIAO,42,201505
86517638000209,ASSOCIACAO FRANCISCANA SAO JOSE DE URUBICI,42,201505
86531803000198,HOSPITAL NOSSA SENHORA DA CONCEICAO,42,201505
86532751000174,HOSPITAL DE CARIDADE SAO ROQUE,42,201505
86552809000303,HOSPITAL SALVATORIANO DIVINO SALVADOR,42,201505
86552809001466,INSTITUTO DE ENSINO E ASSITENCIA SOCIAL,43,200801
86705761000164,HOSPITAL KLEIN E IOPPI LTDA,42,200801
86848702000145,HOSPITAL E MATERNIDADE SANTA MARIA DO OESTE,41,200801
86947462000217,CLIVAN INSTITUTO DE OFTALMOLOGIA LTDA,29,201505
86970803000194,CENTRO ASSISTENCIAL ELGITHA BRANDAO,21,201505
87020517000120,HOSPITAL DE CLINICAS DE PORTO ALEGRE,43,201505
87068094000119,ASSOCIACAO HOSPITAL AGUDO,43,201505
87105763000185,STUMPFLE CIA LTDA,43,200801
87200929000142,IRMANDADE DA SANTA CASA DE CARIDADE ALEGRETE,43,201505
87263364000223,CONGREGACAO DAS IRMAS SERVAS DA IMAC CONCEICAO DA VIRGEM MA,43,201505
87263364000495,CONG IRMAS SERVAS IMACULADA CONC VIRGEM MARIA,43,201505
87277000000111,SOCIEDADE HOSPITALAR SAO JOSE,43,201505
87316618000143,ASSOCIACAO HOSPITALAR SAO JOAO BATISTA,43,201505
87317764000274,SOCIEDADE SULINA DIVINA PROVIDENCIA,43,201505
87317764000606,SOCIEDDADE SULINA DIVINA PROVIDENCIA HOSPITAL INDEPENDENCIA,43,201505
87317764000789,SOCIEDADE SULINA DIVINA PROVIDENCIA,43,201505
87317764001084,SOCIEDADE SULINA DIVINA PROVIDENCIAHOSPITAL DIVINA PROVIDEN,43,201505
87317764001327,SOCIEDADE SULINA DIVINA PROVIDENCIA,42,200801
87354817000146,SANTA CASA DE MISERICORDIA DE ARROIO GRANDE,43,201505
87369799000176,ASSOCIACAO BENEFICENTE DE IGREJINHA,43,201505
87382867000137,HOSPITAL SAO JOAO DE ARVOREZINHA,43,201505
87408845000107,SANTA CASA DE CARIDADE DE BAGE,43,201505
87522678000112,SOCIEDADE BENEFICENTE SILVIO SCOPEL,43,201505
87547444000120,ASSOCIACAO DR BARTHOLOMEU TACCHINI,43,201505
87594461000118,FUNDACAO SANTA HELENA,43,201505
87613444000180,PREFEITURA MUNICIPAL DE CAMPINAS DO SUL,43,201505
87613485000258,HOSPITAL MUNICIPAL DE VICTOR GRAEFF,43,200801
87617874000170,ASSOCIACAO HOSPITAL DE CARIDADE NOSSA SENHORA DOS NAVEGANTES,43,201505
87624060000163,FUND AMIGOS DO HOSPITAL DE BOM JESUS,43,200801
87664793000121,HOSPITAL SANTA TEREZINHA DE PALMITINHO,43,201505
87666020000184,HOSPITAL MUNICIPAL SAO JOSE,43,200801
87680500000108,ASSOCIACAO HOSPITAL DE CARIDADE DR VICTOR LANG,43,201505
87714457000146,SOCIEDADE HOSPITALAR SANTO ANTONIO,43,201505
87722146000129,HOSPITAL SAO LUIZ GONZAGA,43,200801
87768735000148,HOSPITAL DE CARIDADE E BENEFICENCIA,43,201505
87769493000107,HOSPITAL PARAISO SOCIEDADE ASSISTENCIAL E BENEFICENTE,43,201505
87860375000100,SOCIEDADE BENEFICIENTE HOSPITAL SAO JOSE,43,201505
87873279000368,ASSOCIACAO VERANENSE DE ASSISTENCIA EM SAUDE,43,201505
87958625000220,HOSPITAL PSIQUIATRICO SAO PEDRO,43,201505
87958625000904,HOSPITAL SANATORIO PARTENON,43,201505
88135918000199,SOCIEDADE HOSPITAL NOSSA SENHORA DA SAUDE,43,201505
88163084000125,SOCIEDADE BENEFICENTE HOSPITAL CANDELARIA,43,201504
88210794000169,HOSPITAL DE CARIDADE DE CANELA,43,201505
88216999000151,ASSOCIACAO HOSPITALAR DE ERVAL SECO,43,201505
88239074000126,HOSPITAL DE CARIDADE DE CANGUCU,43,201505
88263686000154,FUNDACAO HOSPITALAR EDUCACIONAL E SOCIAL DE PORTAO,43,201505
88314133000183,ASSOCIACAO BENEFICENTE DE CANOAS,43,201505
88332580003342,COMUNIDADE EVANGELICA LUTERANA SAO PAULO-HOSP INDEPENDENCIA,43,200801
88332580007763,COMUNIDADE EVANGELICA LUTERANA SAO PAULO - DOIS IRMAOS,43,200801
88358940000106,FUNDACAO ASSISTENCIAL E BENEFICENTE DE CAMAQUA,43,201505
88373121000120,ASSOCIACAO BENEFICENTE DE PAROBE,43,201505
88406434000137,CASA DE SAUDE SAO JOSE,43,201505
88413661000190,SANTA CASA DE CARIDADE DE JAGUARAO,43,201505
88417449000109,SOCIEDADE HOSPITALAR BENEFICENTE SAO JOSE,43,201505
88417787000132,ASSOCIACAO HOSPITALAR BENEFICENTE DE MARAU,43,201505
88450234000181,HOSPITAL DE CARIDADE DE CARAZINHO,43,201505
88526769000199,SOCIEDADE MEDICA DE ALPESTRE LTDA,43,201505
88531975000197,FREDY A A VELASCO,43,200801
88534748000115,HOSPITAL SAO VALENTIM,43,200801
88555313000157,SOCIEDADE HOSPITALAR BENEFICENTE PE EUGENIO MEDICHESCHI,43,201505
88575394000157,HOSPITAL SAUDE LTDA,43,201502
88590369000142,HOSPITAL BENEFICENTE SANTA LUCIA,43,201505
88625686000661,ASSOCIACAO EDUCADORA SAO CARLOS AESC,43,201004
88625686000742,ASSOCIACAO EDUCADORA SAO CARLOS AESC,43,201505
88625686000823,ASSOCIACAO EDUCADORA SAO CARLOS AESC,43,201505
88625686000904,ASSOCIACAO EDUCADORA SAO CARLOS AESC,43,201501
88625686001633,ASSOCIACAO EDUCADORA SAO CARLOS AESC,43,201505
88625686002010,ASSOCIACAO EDUCADORA SAO CARLOS AESC,43,201505
88625686002443,ASSOCIACAO EDUCADORA SAO CARLOS AESC,43,201401
88625686003504,ASSOCIACAO EDUCADORA SAO CARLOS,43,201505
88625686003768,ASSOCIACAO EDUCADORA SAO CARLOS AESC,43,201505
88625686004063,ASSOC.EDUCAD.SAO CARLOS HOSPITAL DE CAMPO BOM DR. LAURO REUS,43,200801
88630413000796,UNIAO BRASILEIRA DE EDUCACAO E ASSISTENCIA,43,201505
88632773003238,ASSOCIACAO CARITATIVO LITERARIA SAO JOSE,43,201505
88633227000115,PIO SODALICIO DAS DAMAS DE CARIDADE DE CAXIAS DO SUL,43,201505
88645403001372,CIRCULO OPERARIO CAXIENSE,43,201505
88648761001843,FUNDACAO UNIVERSIDADE DE CAXIAS DO SUL,43,201505
88654298000102,HOSPITAL BENEFICENTE SAO JOAO BOSCO,43,201505
88662077000682,ASSBENEFEDUCCULTCJRSJBATSTACATSENAMEDEIAS,41,200801
88667167000151,CLINICA PROFESSOR PAULO GUEDES LTDA,43,201505
88734785000177,ASSOC HOSP SANTO ANTONIO DE PADUA,43,201505
88760293000156,HOSPITAL SAO JOSE TRES PASSOS LTDA,43,200801
88896774000193,HOSPITAL DE CARIDADE SANTO ANTONIO,43,201505
88962675000162,SOCIEDADE BENEFICENTE SAO JOSE,43,201505
89003941000192,ASSOCIACAO HOSPITALAR ROQUE GONZALES,43,201505
89051247000140,HOSPITAL DE CARIDADE DE CRISSIUMAL,43,201505
89117147000170,SOCIEDADE MEDICA LTDA,43,200801
89124630000181,ASSOCIACAO DAS DAMAS DE CARIDADE,43,201505
89129217000100,CASA BENEFICENTE DE SAUDE RIO BRANCO,43,201505
89265342000147,SANTA CASA DE CARIDADE DE DOM PEDRITO,43,201505
89286249000119,FUNDACAO HOSPITALAR PIO XII,43,201505
89307904000178,ASSOCIACAO HOSPITALAR DOUTOR OSCAR BENEVOLO,43,201505
89331201000185,FUNDACAO DE SAUDE SAO JOSE,43,200801
89336945000192,SAO RAFAEL HOSPITAL BENEFICENTE,43,201505
89421259000110,FUNDACAO HOSPITALAR SANTA TEREZINHA DE ERECHIM,43,201505
89428718000197,HOSPITAL DE CARIDADE DE ERECHIM,43,200907
89428734001747,ASSOCIACAO EDUCACIONAL E CARITATIVA HOSP STA ISABEL GAURAMA,43,201505
89428734001828,ASSOC EDUC E CARITATIVA MANT HOSP SAO JOAO,43,200801
89428734002204,ASSOCIACAO EDUCACIONAL E CARITATIVA,42,201505
89428783000112,HOSPITAL SAO ROQUE,43,201505
89428809000122,HOSPITAL BENEFICENTE SAO LEONARDO,43,201505
89431092000178,HOSPITAL OSWALDO CRUZ LTDA,43,201505
89640536000185,HOSPITAL UNIVERSITARIO URCAMP,43,201505
89646509000110,SOCIEDADE HOSPITALAR SAO JOSE,43,201401
89657639000158,FUNDACAO HOSPITALAR DO AGRICULTOR DE CAMPOS BORGES,43,200812
89659254000120,LIGA DE ASSISTENCIA SOCIAL HOSPITAL NOSSA SENHORA DA GLORIA,43,201505
89667893000137,FUNDACAO HOSPITALAR DE ROLANTE,43,201505
89753917000170,HOSPITAL COMUNITARIO SARANDI,43,201505
89781173000106,ASSOCIACAO BENEFICENTE OURO BRANCO,43,201505
89847370000172,HOSPITAL BENEFICENTE SAO CARLOS,43,201505
89891337000140,HOSPITAL DE CARIDADE SAO ROQUE,43,201505
89931760000126,ASSOCIACAO HOSPITALAR DE CARIDADE BENEFICENTE SAO MIGUEL,43,201505
89963334000174,SOCIEDADE BENEFICENTE HOSPITALAR NOSSA SENHORA DE FATIMA,43,201505
89987473000138,SOCED HOSP BENEFICIENTE SANTO ANTONIO,43,200801
90052804000127,HOSPITAL BENEFICENTE SAO PEDRO,43,201505
90054206000197,HOSPITAL BENEFICENTE SAO ROQUE,43,201505
90140468000174,HOSPITAL DE CARIDADE DE MATA,43,201505
90154204000170,HOSPITAL SANTO ANTONIO LTDA,43,201505
90156217000188,HOSPITAL SAO ROQUE DE GETULIO VARGAS,43,201505
90161894000194,ASSOCIACAO DOS TRABALHADORES DE RONDA ALTA,43,201505
90164377000179,ASSOCIACAO HOSPITALAR BENEFICENTE AJURICABA,43,201505
90167107000111,ASSOCIACAO HOSPITALAR DE CARIDADE DE CAMPO NOVO,43,201505
90167289000120,ASSOCIACAO HOSPITALAR BOM PASTOR,43,201505
90396409000161,HOSPITAL DE CARIDADE SAO ROQUE,43,201505
90397167000120,HOSPITAL NOSSA SENHORA DO ROSARIO,43,201505
90456070000141,ASSOCIACAO HOSPITALAR SANTA TERESA,43,201505
90484395000138,FUNDACAO HOSPITALAR E EDUCACIONAL SAO FRANCISCO DE ASSIS,43,201501
90604414000112,SOCIEDADE BENEFICIENTE SAO LUIZ DE MOSTARDAS,43,201505
90619248000128,HOSPITAL SANTA TEREZINHA,43,201505
90660200000163,ASSOCIACAO HOSPITALAR 15 DE NOVEMBRO,43,201505
90730508000138,ASSOCIACAO HOSPITAL DE CARIDADE IJUI,43,201505
90735622000150,ASSOCIACAO PROTETORA HOSPITAL SAO FRANCISCO,43,201505
90839598000108,SOCIEDADE HOSPITALAR N S AUXILIADORA,43,201505
90841719000148,ASSOCIACAO BENEFICIENTE NOSSA SENHORA MEDIANEIRA,43,201505
90863366000187,SOC HOSPITAL DE CARIDADE DE ALECRIM,43,201505
90868449000169,ASSOCIACAO COMUNITARIA HOSPITALAR DE ARATIBA,43,201505
90894221000143,SOCIEDADE HOSPITALAR COMUNITARIA E BENEFICIENTE NONOAI,43,201505
90898966000180,PREFEITURA MUNICIPAL DE VICENTE DUTRA,43,201505
90899444000101,SOCIEDADE HOSPITALAR DE CAICARA,43,201505
90928151000105,HOSPITAL SAO PATRICIO DE ITAQUI,43,201505
90936774000111,FUNDACAO HOSPITALAR DR OSWALDO DIESEL,43,201505
90938713000193,ASSOCIACAO BENEFICIENTE SAO JOAO DA RESERVA,43,201505
90956590000113,SOCIEDADE HOSPITALAR BARROS CASSAL LTDA,43,200801
91024562000120,HOSPITAL BERNARDINA SALLES DE BARROS,43,201505
91026138000115,ASSOCIACAO HOSPITAL NOSSA SENHORA DA PIEDADE,43,201505
91090936000106,FUNDACAO ASSISTENCIAL E BENEFICIENTE DE GUAIBA,43,201505
91102236000194,FUNDACAO DE APOIO HOSPITAL ENSINO RIO GRANDE,43,201505
91154898000108,SOCIEDADE HOSPITALAR SAO GABRIEL ARCANJO,43,201505
91160358000137,ASSOCIACAO HOSPITALAR MARQUES DE SOUZA,43,201505
91162511000165,SOCIEDADE BENEFICENCIA E CARIDADE DE LAJEADO,43,201505
91167098000121,HOSPITAL DE CARIDADE SAO JOSE,43,201408
91271767000100,HOSPITAL SAO ROQUE,43,200801
91272732000196,HOSPITAL SANTA TEREZINHA,43,201505
91305912000127,VIEIRA GUERREIRO E SEGURA LTDA,43,200801
91335828000156,SOCIEDADE BENEFICENTE SAO JOSE,43,201505
91365718000137,ASSOCIACAO ORDEM AUXILIADORA DE SENHORAS EVANGELICAS DE MONT,43,201505
91495994000110,HOSPITAL BENEFICENCIA ALTO JACUI,43,201505
91565929000113,ASSOCIACAO DE DESENVOLVIMENTO COMUNITARIO DE MARIANO MORO,43,201505
91569038000135,COMUNIDADE DA COLONIA NOVA HOSPITAL,43,201505
91588731000155,ORDEM AUXILIADORA SENHORAS ENVANGELICAS NOVA PETROPOLIS,43,201505
91616805000110,HOSPITAL SAO JOAO BATISTA,43,201505
91617407000118,HOSPITAL BENEFICENTE NOSSA SENHORA APARECIDA,43,201505
91617480000190,UNIDADE MISTA DE SAUDE,43,201505
91681361000368,ASSOCIACAO CONGREGACAO DE SANTA CATARINA,43,201505
91681361000600,ASSOCIACAO CONGREGACAO DE SANTA CATARINA,43,201505
91681361001844,ASSOCIACAO CONGREGACAO DE SANTA CATARINA,43,201505
91884924000153,SOCIEDADE BENEFICENTE SAO JOSE,43,201505
91884957000101,ASSOCIACAO BENEFICENTE SAO VICENTE DE PAULO,43,201505
91945204000150,ASSOCIACAO DO HOSPITAL DE CARIDADE DE PALMEIRA DAS MISSOES,43,201505
91983874000161,SOCIEDADE HOSPITAL BENEFICENTE DE CONDOR,43,201505
91985275000187,SOCIEDADE HOSPITAL PANAMBI,43,201505
91996074000185,ASSOCIACAO DE DESENVOLVIMENTO COMUNITARIO DE HUMAITA,43,201505
91999284000127,PREFEITURA MUNICIPAL DE VISTA GAUCHA,43,200801
92004225000134,ASSOCIACAO HOSPITAL BOM PASTOR IJUI,43,201505
92017516001058,CONGREGACAO DE NOSSA SENHORA,43,201505
92017516001481,CONGREGACAO DE NOSSA SENHORA,43,201505
92021062000106,ASSOCIACAO HOSPITALAR BENEFICENTE SAO VICENTE DE PAULO,43,201505
92025006000131,HOSPITAL SAO JOSE,43,201505
92030543000170,HOSPITAL DA CIDADE DE PASSO FUNDO,43,201505
92030543000250,HOSPITAL PSIQUIATRICO BEZERRA DE MENEZES,43,201505
92032226000192,HOSPITAL BENEFICENTE DR CESAR SANTOS,43,201505
92183615000119,SANTA CASA DE MISERICORDIA DE PEDRO OSORIO,43,201505
92202498000193,HOSPITAL ESPIRITA DE PELOTAS,43,201505
92206325000143,HOSPITAL DR ERNESTO MAURICIO ARNDT,43,201505
92219070000153,SOCIEDADE PORTUGUESA DE BENEFICENCIA,43,201505
92219559000125,SANTA CASA DE MISERICORDIA DE PELOTAS,43,201505
92238914000294,SOCIEDADE PELOTENSE DE ASSISTENCIA E CULTURA,43,201505
92242080000290,HOSPITAL ESCOLA DA UFPEL FUNDACAO DE APOIO UNIVERSITARIO,43,201505
92404789000164,SOC BENEF DO HOSPITAL DE CARIDADE,43,201505
92405356000123,SOCIEDADE FILANTROPICA SAO ROQUE,43,200801
92406289000242,PREFEITURA MUNICIPAL DE LAGOAO,43,200801
92453349000105,SOCIEDADE BENEFICENTE SAO JUDAS TADEU,43,201505
92620921000175,ASSOCIACAO DE ASSITENCIA SOCIAL HOSPITAL PINHEIRO MACHADO,43,201505
92637792000128,HOSPITAL DE CARIDADE NOSSA SENHORA DA CONCEICAO,43,201505
92685833001204,ASSOCIACAO HOSPITALAR MOINHOS DE VENTO,43,201505
92693134000153,HOSPITAL FEMINA SA,43,201505
92697291000137,HOSPITAL ESPIRITA DE PORTO ALEGRE,43,201505
92713825000171,SANATORIO BELEM,43,201505
92736040000890,SOCIEDADE LITERARIA E CARITATIVA SANTO AGOSTINHO,42,201505
92736040003130,SOCIEDADE LIT CARIT SANTO AGOSTINHO,42,201409
92740539000103,ASSOCIACAO PORTUGUESA DE BENEFICENCIA,43,201505
92741016000416,ASSOCIACAO DOS FUNCIONARIOS PUBLICOS DO ESTADO DO RGSUL,43,201505
92746072000109,HOSPITAL PETROPOLIS LTDA,43,200801
92770221000752,ASSOCIACAO CRUZEIRAS DE SAO FRANCISCO,43,201505
92787126000176,HOSPITAL CRISTO REDENTOR SA,43,201505
92812049000914,SOCIEDADE EDUCACAO E CARIDADE,43,201505
92812049001996,SOC EDUCACAO E CARIDADE MANT DO HOSP CARIDADE S JERONIMO,43,200801
92812049002100,SOCIEDADE DE EDUCACAO E CARIDADE,43,200801
92815000000168,IRMANDADE DA SANTA CASA DE MISERICORDIA DE PORTO ALEGRE,43,201505
92831163000215,ASSSOCIACAO DOS FUNCIONARIOS MUNICIPAIS DE PORTO ALEGRE,43,201505
92852680000866,ASSOCIACAO BRASILEIRA CULTURAL E BENEFICENTE,43,200801
92898550000198,FUNDACAO UNIVERSITARIA DE CARDIOLOGIA INST DE CARDIOLOGIA,43,201505
92898550000279,FUNDACAO UNIVERSITARIA DE CARDIOLOGIA,43,201505
92898550000350,FUNDACAO UNIVERSITARIA DE CARDIOLOGIA,43,201505
92898550000511,FUNDACAO UNIVERSITARIA DE CARDIOLOGIA,43,201505
92898550000600,FUNDACAO UNIVERSITARIA DE CARDIOLOGIA,53,201505
92911684000100,FUNDACAO MEDICO HOSPITALAR DR HONOR TEIXEIRA DA COSTA,43,201505
92931245000150,FUNDACAO HOSPITAL CENTENARIO,43,201505
92962869000720,ASSOCIACAO DE LITERATURA E BENEFICENCIA,43,201505
92962869001379,ASSOCIACAO DE LITERATURA E BENEFICENCIA,43,201505
92962869002006,ASSOCIACAO DE LITERATURA E BENEFICENCIA,43,201505
93012904001785,ASSOCIACAO EDUCACIONAL E BENEFICENTE SAO CARLOS,43,201505
93012904002242,SOCIEDADE EDUCACIONAL E BENEFICENTE SAO CARLOS,43,200801
93712735000200,HOSPITAL DE PRONTO SOCORRO,43,201412
94449907000186,SOCIEDADE HOSPITALAR BENEFICENTE CHIAPETTA,43,201505
94746567000155,SOCIEDADE HOSPITAL SAO JOSE,43,201505
94757986000192,FUNDACAO HOSPITALAR DE CARIDADE DE QUARAI,43,201505
94795804000178,HOSPITAL DE CARIDADE SAO FRANCISCO,43,201505
94862265000142,ASSOCIACAO DE CARIDADE SANTA CASA DO RIO GRANDE,43,201505
94862265000819,HOSPITAL PSIQUIATRICO VICENCA MARIA DA FONTOURA LOPES,43,201505
95196044000145,SOCIEDADE BENEFICENTE ROQUE GONZALES,43,201505
95281929000142,HOSPITAL DE CARIDADE NOSSA SENHORA AUXILIADORA,43,201505
95324265000151,FUNDACAO HOSPITALAR DE IBIACA,43,200801
95324638000194,HOSPITAL BENEFICENTE SAO JOAO,43,201505
95356473000132,HOSPITAL SANTA BARBARA BENEFICENTE,43,201505
95405437000111,HOSPITAL MATERNIDADE CAPRIOTTI LTDA,41,201505
95422358000119,HOSPITAL ANA NERY SANTA CRUZ DO SUL,43,201505
95427522000180,HOSPITAL BENEFICENTE VALE DO SOL HBVS,43,201505
95428181000168,HOSPITAL BENEFICENTE MONTE ALVERNE,43,201505
95433744000106,HOSPITAL BENFICENTE SINIMBU,43,201505
95438412001277,ASSOCIACAO PROENSINO EM SANTA CRUZ DO SUL,43,201505
95591764001420,HOSPITAL UNIVERSITARIO DE SANTA MARIA,43,201505
95592796002845,CASA DE SAUDE DA COOPERATIVA CCVERGS LTDA,43,200801
95610887000146,HOSPITAL DE CARIDADE DR ASTROGILDO DE AZEVEDO,43,201505
95610887000499,HOSPITAL DE CARIDADE DR ASTROGILDO DE AZEVEDO,43,201501
95641007000107,FUNDACAO HOSPITALAR DE SAUDE,41,201505
95815668000101,ASSOCIACAO HOSPITAL CARIDADE SANTA ROSA,43,201505
95952321000100,ASSOCIACAO HOSPITALAR ANGELINA MENEGHELLI,42,201505
95991113000102,FUNDACAO HOSPITALAR DE CURITIBANOS,42,201505
96014600000188,IRMANDADADE DA S CASA DE MISERICORDIA DE SV PALMAR,43,201505
96039581000144,SANTA CASA DE MISERICORDIA,43,201505
96136643000136,HOSPITAL DE CARIDADE DE SANTIAGO,43,201505
96210471000101,ASSOCIACAO HOSPITAL DE CARIDADE DE SANTO ANGELO,43,201505
96418025000189,HOSPITAL DE CARIDADE DE SANTO CRISTO,43,201505
96419353000108,ASSOCIACAO HOSPITALAR SANTO AFONSO,43,201505
96419775000175,ASSOC ASSIST CULT E HOSP PE BENEDITO MEISTER C MISSOES,43,201505
96488598000189,FUNDACAO IVAN GOULART,43,201505
96535760000172,HOSPITAL SANTO ANTONIO,43,201505
96554829000105,HOSPITAL SAO FRANCISCO DE PAULA,43,201505
96593322000160,IRMANDADE DE SANTA CASA DE CARIDADE,43,201505
96681069000105,ASSOCIACAO DO HOSPITAL E MATERNIDADE SAO FRANCISCO,43,200801
96704333000413,FUNDACAO ARAUCARIA,43,201505
96704333001061,FUNDACAO ARAUCARIA,43,201505
96704655000110,HOSPITAL NOSSA SENHORA SANTANA LTDA,29,200801
96915657000158,SOCIEDADE CIVIL HOSPITAL SARMENTO LEITE,43,200801
97011688000147,SANTA CASA DE MISERICORDIA DE SAO LOURENCO DO SUL,43,201505
97081756000144,SOCIEDADE HOSPITALAR SAO LUIZ GONZAGA,43,201505
97095756000101,ILZA J ANDREIS CIA LTDA,43,200801
97194765000141,ASSOCIACAO BENEFICENTE SAO PEDRO CANISIO,43,201505
97227383000177,ASSOCIACAO BENEFICENTE HOSPITAL SANTO ANTONIO,43,201505
97279350000170,SOCIEDADE BENEFICENTE SAPIRANGUENSE,43,201505
97319487000101,ASSOCIACAO HOSPITALAR DE RONDA ALTA,43,201505
97351266000110,HOSP NOSSA SENHORA DAS VITORIAS,22,201505
97397848000138,HOSPITAL PROHOPE LTDA,29,201505
97441307000160,ASPIAZU FILHAS CIA LTDA,43,201505
97443857000118,CASA DE SAUDE DR HOMERO LIMA MENEZES LTDA,43,201505
97448278000168,CASA DE SAUDE DR SEBASTIANY LTDA,43,201505
97448294000150,ASSOCIACAO BENEFICENTE SANTA ROSA DE LIMA,43,201505
97503676000130,HOSPITAL DE CARIDADE FREI CLEMENTE,43,201505
97504005000193,SOCIEDADE BENEFICENTE HOSPITAL SAO FRANCISCO,43,201505
97577928000175,HOSPITAL SANTO ANTONIO,43,201505
97663389000197,SOCIEDADE HOSPITALAR SAO JACOB,43,201505
97664056000182,SOCIEDADE HOSPITALAR ROQUE GONZALEZ,43,201505
97731889000119,HOSPITAL NOSSA SENHORA DO CARMO AUTARQUIA MUNICIPAL,43,201505
98039795000146,ASSOCIACAO HOSPITALAR BOA VISTA,43,201505
98104193000125,SOCIEDADE CULTURAL SAO GREGORIO,43,201505
98110000000149,ASOCIACAO HOSPITAL DE CARIDADE DE TRES PASSOS,43,201505
98227986000131,SOCIEDADE PARA FUND E MANUT DO HOSP DE CARIDADE SANTA RITA,43,201505
98314099000109,ASSOCIACAO PROTETORA HOSPITAL DE CARIDADE BRAZILINA TERRA,43,201505
98337421000107,HOSPITAL TUPARENDI SA,43,200801
98339823000140,CENTRO DE ASSISTENCIA MEDICO SOCIAL,43,201505
98404635000159,HOSPITAL E MATERNIDADE TARRAGO LTDA,43,200801
98416225000128,SANTA CASA DE CARIDADE DE URUGUAIANA,43,201505
98591910000190,HOSPITAL SAO SEBASTIAO MARTIR,43,201505
98714876000102,SOCIEDADE HOSPITALAR N SENHORA DA POMPEIA,43,201505
